id	title	folder
1kqHV4G1azQLr4g45BX-AEgS9jBXiBzm1	__19-39068_limpia.jpg	ROOT
186v6KeDGKWrzheR1x34tY6tGpGXMi24t	__7-39603_limpia.jpg	ROOT
1a7F6hU0z-rWPO-S00n5Fs7Ou10mQDEMA	__12-39876_limpia.jpg	ROOT
1ZR1BnDOWiJ4sZokjyZl2eI7Pt_rECWJO	__3-39888_limpia.jpg	ROOT
1_9yOjFe_c14nipTFGo6lv2t7Ln1xAkxW	39269_C9_P16_LIMPIA.jpg	TODAS
1O7Ej760nPVIqBiWjpG1584Pynd2OB0NY	39215_C8_P28_LIMPIA.jpg	TODAS
1MX-JYBgxy7f-4OVvvwvPRZDYUXhoi9D0	39951_C8_P11_LIMPIA.jpg	TODAS
1b8kJYXCG1a_Cs6rAXi4gQ2BKuLVzWGgD	39203-1.jpg	TODAS
1F8ie04i6vmDtgc1Nrxn7H7is_yk_PVV3	39704_C8_P16_LIMPIA.jpg	TODAS
1KyTa2L3ytKkgmf_rGu6Z3jWVmNNw7l6j	39602_C8_P07_LIMPIA.png	TODAS
1EKU62mVoe-OJyjIDvyOUd4JPsbkgHZXs	39475_C8_P23_LIMPIA.jpg	TODAS
1DISkO2Cwx9J4ArAypzkNe-9dvId9qMnv	39269 CHOCO ESP.png	TODAS
1PFgkdpre7Pf9AqeSxVX7WCl5xe2fnZWd	39606 1.jpg	TODAS
1wPzeIaOq1MWCq_cNodEjjuWVDXbsWgUt	39200-1.png	TODAS
13ZZS47_nyX8hv-yWCfaDhDeVEPCAZ57M	37672 4.png	TODAS
1yQY-4mY1jgjlj-KZHEcDdLvBGZBMepVd	37672 1.png	TODAS
1Xg5lZwSTXb3amZV3R_TNHKPGXYIb3IxR	39202 1.jpg	TODAS
18K5ru8m_PunS0nrtG4GSdmei910ZXbiS	37263 1.jpg	TODAS
1KZupQptRNw3o5Q7JQh6kGUJBQ6YVBih6	39164 39863 11.jpg	TODAS
1r9Qdu4vzi2pnaVokp7lUW9kmSO0ylzAM	39932-1.jpg	TODAS
1vr4XD4aScT5mUvSO4QDm_Vr3CcELAC_q	39931-1.jpg	TODAS
1O4QT0UDH8kNmdFbrpXQ75V3OGML_GtXq	39602-3_BLANCO ESP.png	TODAS
15NTkMbTRkEuhVf6445HPj01YNWea9nIL	39603-1.jpg	TODAS
1vz7NjnUvdp8GvTPwTvMdb4Wz9ZQJQrfK	39603-2_BLANCO.png	TODAS
14UVQ5FqHjOY2cwpYuGzUGdUz8OdoKzNH	39603-3_BLANCO ESP.png	TODAS
1ql7-CVLM_5Hzu-La8bHyC1bYz-25-7qK	39605-1.jpg	TODAS
1arotWYJtCk5yE4PwedfAPE4SoJ0IXAM8	39427-1.jpg	TODAS
1HSmqKdpojH_YOg0MpYbKj0oEoi59ftEQ	39365-1.jpg	TODAS
1MkumX19OXOkjQPfWQBeuUfF553Cuagj9	39181.jpg	TODAS
1o-kRToxxex_uZykBAij53hNODsK9DRyh	39880_C8_P38_LIMPIA.jpg	TODAS
166KAzmRZu-TjEfrfvV-sVKyW96riCY2V	39364_C8_P24_LIMPIA.jpg	TODAS
1XqTDA9HydEXUHLbii8p73mjLYzOA9u8m	38627 39364 24.jpg	TODAS
1_826kzfw8VIeY0j4uvfHosL18HvG1fix	38627 39364 19.jpg	TODAS
135X-2hlBXdEMRVwSw4ENcsMuX3-ym3DF	39889 19.jpg	TODAS
1Lcy5kAx1Shl6-jMKXUN9cI6VcjnWA4q4	39889 17.jpg	TODAS
1l1tVHgx1iKlcS6ZajSfGsVhmEbl35Qc9	39416-1.jpg	TODAS
1vT6gXdMbCY5P_HDS3OlUMqPBA0F9oUNE	39993 2.jpg	TODAS
1Y1-z_9GD-1wv52s-0BYjeNPMHzPgcIpu	39993 1.jpg	TODAS
1ALGzKCNcM83im6jQXYPLAuLofZUTjHGF	39604_C9_P04_LIMPIA.jpg	TODAS
1jPqQlx2HBgHVHCiKCiHE6rR8BM0obvjE	39160 39871 31.jpg	TODAS
10H077CeJekI_YORJjbdGq0P8ZF8PX9VL	39160 39871 9.jpg	TODAS
14hpGYhKPONkAp0I0Jz7KFxCISjEazHdK	39160 39871 14.jpg	TODAS
1cO2rGN1DntzxsnO5a8gRFzy3BXuT49nC	39215-1.jpg	TODAS
13v7cZ2Px6p-zk6bEnIozoyyFmKHsjx_r	39018-39419 4.png	TODAS
1gzShkIw1b3AfCi-J41sfatkVbJVo83D0	39018-39419 3.png	TODAS
1BlXkH27aANcwpMgM1UI82BrExbp2c-WJ	39475-1.jpg	TODAS
1vlZz7Ioap2xmubJhuIGk0s7ZFB2SDs6o	39601-1.jpg	TODAS
10s6T_n1JJ3zmtvLEThdMyKlgG-5jN56P	39165_C9_P06_LIMPIA.jpg	TODAS
1BO7a-OPcErHtyPfYo_SRrFrG1-hFFK-D	39165-39880_C9_P01_LIMPIA.jpg	TODAS
1AiVNLnzTE8XvaKYX4f0kf_OTMIozE5Hu	39605-3_NEGRO ESP.png	TODAS
1Anx7MjzSuNWuCl1IvVX6ezKcHqqfKKCN	39605-2_NEGRO.png	TODAS
1kTPplBmOY07EYPWTLUyQwOHjU5txJ4Ep	__20-39414-35080_limpia.jpg	TODAS
1UM5NDtKV9kfZKQVYADLNQTxJ9NVCSvGe	__17-39264_limpia.png	TODAS
1TmWZZliQRYyTpkGXZ0gY3OZMhHh2vdAg	__37-39911-33085_limpia.jpg	TODAS
1BYXxFT8CsRLA7C59ZgzxJ9PyWObYWrJl	__1.B-39701-35036_SET CON 39701 Y 35036_limpia.jpg	TODAS
109q_SFCsZ5KL0bh_Krannubysp313cWk	__16-39268_limpia.png	TODAS
102Pi6eJs6aGCE5C-X94VuS9TgLH2oEXJ	__18.B-39467_SET CON 39760_limpia.jpg	TODAS
1-ll1GfgeAoUF0CQR9gvsjOyhYBN5z4AN	__62-39939-35054_limpia.jpg	TODAS
1Sy1yjZebKon67593_TH6cwjfgw4jig2u	__3-39416-35092_limpia.png	TODAS
1hqIzxA7TXR_Z1l5NyfAuaxeus2-toJc1	__11-39993_limpia.jpg	TODAS
1h3DkzN0ZcxL4VA3TpjbswkOac_3K2Sa8	__20-39606_limpia.jpg	TODAS
12zMCqboK6Dh5fBiCsDqSnFzImb1TOdTs	__18-39604_limpia.jpg	TODAS
1kDiSXSPWGhf6SUUKiBrvCWve-voi98dd	__13.B-39419-33037_SET CON 39018_limpia.jpg	TODAS
1JWrZVjFHX-CQPX666qLdD9rl569aoTO4	__13.A-39018-35095_SET CON 39419_limpia.jpg	TODAS
17tqocyJAQOaUoQfSrd8suM2fxigTEvG7	__7-39603_limpia.jpg	TODAS
1m5HCCgyNu8FTYB5AE_yc_CyyPwuTbrRF	__21.A-39093_SET CON 39472_limpia.jpg	TODAS
1OLeWORkfVR8jW479gwzvIoFxES8UdHkK	__19-39605_limpia.jpg	TODAS
1KAGPbe93GTryCCXM9zI3oN-2WyjOvhEu	39889_C8_P39_LIMPIA.jpg	TODAS
1ZGOwxJ805nmxo4JQuIJaJz2bjtyXA007	39949_C8_P12_LIMPIA.jpg	TODAS
1P0_fSikY380_JzUBSXyW8qAkyI9ixHYb	39410-2_BEIGE.png	TODAS
1UUIQ0bJfzL-lzFuSH8sGpxWTFVmWZyP6	39194 3.jpg	TODAS
1-z5K9jjhhdNkx8eEN_YLUfotPnUEtdbm	39873 2.jpg	TODAS
1YUB1mIk8bcsHaLfsBc-1xjHBWcLECEpA	39870 2.png	TODAS
1qf4YHnTA7JHL--E7cCfW5wHqyq5INCRx	39869.jpg	TODAS
1aM1zyOwWROqgDbWBd4jhixjB1OXCxqEo	39869 3.jpg	TODAS
1KFGMoOVkyOE5DTugaZSQzNKfbx-P5oMS	39601-2_NEGRO.png	TODAS
1Q7z2TTV2mmpq6lsl1Zrc0o0KhSD92nwf	39601-3_NEGRO ESP.png	TODAS
1pdo546PnG17KB3YAqMoZiSOIqo8hYwE5	39091 39474 4.jpg	TODAS
156zizkZJpqydAfnrxhIP09yIa5piNEaW	39164 39863 28.jpg	TODAS
1C6zGkW0PDUfeKN26fVAfNSDbbdntvpIw	39091 39474 22.jpg	TODAS
11s4uVcP1GgCYknM4AZRQXU6wcqYl7nsx	39091 39474 27.jpg	TODAS
1qkiEuDebLm9lwvLfJzAD1nGaPTnrjlVt	39091 39474 11.jpg	TODAS
1xLTtIO6_wn7nBVVQFC5s9AAGqIZay34a	39704 4.jpg	TODAS
1px-RuN8XEYo8uuid9dVF4J9kVrYWusfK	39931-2_INDIGO.jpg	TODAS
1hzHjWGgAn-K1FDkFNbo6nDi2DOBqYV77	39427-2_CHOCO.png	TODAS
1iYLug0mVtGtX2sJ7Lay5rJ_XLY8--Usi	39366-1.jpg	TODAS
1xSMV4byIlbbXWqD71wxhHFn40-Stykei	39422 39700 18_limpia.jpg	TODAS
16l2Gk1mngfKK-oHhXde0bSpIySyr2wI2	39995 3_limpia.jpg	TODAS
1GkUjHTomEjPrY1rshR1u_SQjoCszcOy3	39995 8_limpia.jpg	TODAS
1hxw7Q_Quy2h5NGD504ayAShaeYu35y0-	39995 2_limpia.jpg	TODAS
1psiyFiSXnEpYMzrfMBfjQ9bLeXC7nBRd	39990 3_limpia.jpg	TODAS
1hq-yzsZd0pFRWoaL2M924VdyWjsRHpk_	39018-39419 1_limpia.jpg	TODAS
12_uH88yFW74IEoJeOXy9wRBdy7LiaICn	39801 1_limpia.jpg	TODAS
107tnzCmEU8Afe0UD_yCOUMaI4QQEwqRy	39886 2_limpia.jpg	TODAS
128Dib60iPqIETBE0AgfBPdej6F11Uk9I	39880 39890 16.jpg	TODAS
1t_w8tqZdj1E7dwavOj3OxdQBTffKC41s	39889 20.jpg	TODAS
1NsHylN1O7JdlqcKvG_96P9sT-9kZqfSB	39889 1.jpg	TODAS
1Xxvyox2O6C7DdkMlCUoMjthanV-DEyV4	39209 2_NEGRO.png	TODAS
1PwEc--94NvAHL31Ye5mNfHrXDX0-M6R1	37674 2.jpg	TODAS
1SQeHDGJxaoBIMLpZIh3u0YEW9dwOxPjm	39704 1.jpg	TODAS
1bJBbd1O4tsCMEoBow9jDR6GKlFHKJjxo	37674 3.jpg	TODAS
1ecjRtnbBxf-RD3VA5fQGBLpb6zOAGYUg	__1-39410-35072_limpia.png	TODAS
1I16I-11vdb34QF07cDoFSx7faiRpB436	__20-39194_limpia.jpg	TODAS
1lKfYSSyxLIk-a89j1DAQvOLIiI1gQFLb	39876 1.png	TODAS
1E6v-mDoIEdOZxCsKnp7JR1vKWcvD2Tds	39876 3.png	TODAS
1kHdceX2W5o8D8CmYX3-gkPhM2Pa_gIHh	39876 4.png	TODAS
1cy7cHT5pFtwZSBYoWlcU3u7tS-VmNwcc	__44-AP_37685_limpia.jpg	TODAS
1vR8HHJJPtJR2LiK3GOZoz_sYxjtP5tH4	39195 39888 39890 4.jpg	TODAS
1ADwQ2dfuQG2rNSSXjSHUSNYGSziQRaiF	39091 39474 14.jpg	TODAS
11y0XtRqoSpg69_okc9a-OYl_IcFLn58p	39195 39888 39890 18.jpg	TODAS
169OrRJ6VdGXr8VdtbbilxVyODydvlynY	39908-1.jpg	TODAS
1tJ6Zgj2bMVhEnbKYNmku7ivCHsXFFIs_	39908-2.jpg	TODAS
1TN36BmUx20_3fxzyqoUK_WWVuEm1cqqD	39366-2_BEIGE.png	TODAS
1oiSVI4WgCwy6Eunn9VhcjwVVN1ZAWrGi	39196_limpia.jpg	TODAS
1i1i97ajlx7Ed7q7RNSYNz2o2UtXRF_V8	39195 39888 39890 9_limpia.jpg	TODAS
11u50MMu7oGypEgcWuZdTimqDZIUOZ4ip	39209 1_limpia.jpg	TODAS
12_MlLsElhJO0OFcRKjbuCmG-V3lHXcpa	__54-39931-35065_limpia.jpg	TODAS
1c_DKAQSn3M8P5E9gEErDlOgxa5BlmLcL	__10.B-39400-31038_SET CON 39001_limpia.jpg	TODAS
1u4lRPj0gbkOMtsQoPoqUOmVX0no7kPGK	__10.A-39001-33057_SET CON 33057_limpia.jpg	TODAS
1xkqrOdaizfRxt4vULMi5ldXLUiXyvoTZ	__16-39180_limpia.jpg	TODAS
10aGxL5n6GNBMlWhhz8XGdVznRp4RlApw	__12-39188_limpia.jpg	TODAS
1Z7HmISZFSeO9tXBA8GJP03xB2BMHhMWG	_38178_limpia.jpg	TODAS
18iL5iv9Woy-4rz7JUot9r--ltSvOwnxp	__23-39198_limpia.jpg	TODAS
1dPgq4Ezmm0eExbYhE2B4QRi7nTsGEkDd	39422 39700 19.jpg	TODAS
1wu6DvecpzfQO3pf1Ye5fi-22ufJaQlWC	39204 1.jpg	TODAS
1Bb-cHllj0OL3B6QETofv5dvkgb8ya1h1	39195 39888 39890 15.jpg	TODAS
1WqkDO8JVSFSImpgtHQgjYQZ6reVC6kat	39870 1.png	TODAS
1v46Di2BjmcPm5Q7z_SGyN48IHb_gEJ8S	39870 3.png	TODAS
1dxgJOrFfoemQrJv5Lc1wCqj6_EABvE-B	39873 1.jpg	TODAS
1e2fsgGaAtxm1z-YaPn5ZlkMr46CeWg0X	39873 3.jpg	TODAS
1cNw3qIdzQuFJ0juQ7MqwzcTVum9LHpMQ	39425 2_CELESTE.png	TODAS
162HZs0ELM-rozaMQRYTYi3olNlAkx2Qh	39425 3_CELESTE ESP.png	TODAS
114cN63dCMhYgnlBOU0I-qUobzTfn7dIr	39404-1.png	TODAS
1bwVXwTwj0SkAZo5Vv8lAZ6FWa0rY0RnD	39801 4_limpia.jpg	TODAS
1xQRfzBYxuyTmCxZgTuA5AQh4AX8Tth3p	39886 1_limpia.jpg	TODAS
1BJQ8BJs0mzsDHM6NVnZ_4PmQ5fBRGnG9	39992-3_NEGRO ESP.png	TODAS
1_RqjK02tYrVYam_8J4YuBQC6qG9oVRvA	39992-2_NEGRO.png	TODAS
15p2I-BD7oHjXJ74KcIRzZMQEgtPApVbC	39992-1.jpg	TODAS
17hwtvxFT2_Yx9tLSMnr9_ddPsyAAFpcB	__25-39016-35089_limpia.jpg	TODAS
1iJ8d6g-QNd2OGU3KJZLpyx0Ns1RYakjo	39016-6_ALMENDRA.png	TODAS
195EYHKpm4UsQgG-2C73oPW286Ut9LikP	39016-1.png	TODAS
18As2vHOBmJCdbDs-DIae2S68imaCJI7N	__28-39919-33009 BIS_limpia_1.jpg	TODAS
1ji22mnbTfMfM7vbl88sciWXUIkgI8xDv	__28-39919-33009 BIS_limpia_2.jpg	TODAS
1lB6JXqFwfVwzumVeDnwAu97ZYmztX-wW	__1-39200-35045_limpia.png	TODAS
1104hVqqxBxHbdeG6F_QQ8mWP0XkiNdyj	39000 1.jpg	TODAS
1Ck-BQGxCqmZ12Dpf6xyUGgXwWWBGnC4E	__31-39992_limpia.jpg	TODAS
1Kg_AYNdIUUbEGm0t5GrG0_rYKYtLvWok	39879 9.jpg	TODAS
1npHKaoHVkbfwzFBD9HWKLe4s77bhvaiK	__13-39890_limpia.jpg	TODAS
1prMzMINn16TOuwbTmGYCNLQpTzQzrdP2	39890 17.jpg	TODAS
1KObIew4bv1hTf06RW2GTePdsRqHpPZwR	39890 26.jpg	TODAS
19HXxJsR8ZRgHn2VQ3YZ27vXYMXLVe3Yt	39890 2.jpg	TODAS
1xyQ92wdzLHDo_0ABHK7xbWPsnJ2IfVvn	__5-39191_limpia.jpg	TODAS
1WkhljRWN_yUHeVlId9Qw2kCSO8SA41aN	__9-39869_limpia.jpg	TODAS
1TVi5zDCqA_OYzfSykylvsKJPhsrF9goC	__13-38254_limpia.jpg	TODAS
1c0-0DjReDUmWvG6ZYr7ItOpmHBOxfruF	__48-39983_limpia.jpg	TODAS
1wUKzxvjtfd0NiZ5owlrSNfBT6-mamJbk	39876 2.png	TODAS
1k6wF2WZuQXL1Pp-z7Eku_UD-bxau40u-	39879 13.jpg	TODAS
1R6fY0nzXwX0S7AOiA-ydEYm6JuDp6N00	__14-39873_limpia.jpg	TODAS
1P5Ob7jq1yzK12qKnvbhA4F77oXMRVzNs	39005 1.png	TODAS
1QC8aWDezvHaULBBOSeS2oeMaRB0NkKsP	39013 8.png	TODAS
1OjgAqNUhtQZ15bXtZDEzxXVhZA69noem	37676 2.png	TODAS
1iJYw8Zxjlttb_clfBdW0p-uOXb7PXMR9	39989 2.png	TODAS
1f3K5vXkUTcdUs4_t1emoOf2nwVuxqkBD	39004-1.png	TODAS
1aWWbnx0kcWwravf9vOzvBKMRcPVbMYyH	39994-4_NEGRO.png	TODAS
1p2p3rt2DOtWt7o_evJExrUhszHyCdctt	39009 5.jpg	TODAS
1_OHr-TSmVCSfEzGZkHRmyhVkPo9yGtU6	39005-5_AZUL.png	TODAS
1pCaIBGTQ3aha0I8LbQXVtXD978YLaQA4	39005-2_BEIGE.png	TODAS
1YwURhDTHxP4_yh_pivL4ymyS93dln2LU	38672-1.jpg	TODAS
1RzZGwY1V84_8Oc72tdUZQHNvsshKXXBP	37628 5.png	TODAS
191awFdR3fyFFTxod0K6GPaHMjSOElWPk	37625 5.png	TODAS
1uInFXb9bEOJzJp-2gCWPwQNWlqn1S3Vu	39987 39862 9(1).jpg	TODAS
1xbmUTtdk3epUGbbjubo4ngikR6qoP-0B	__10-39008-35048_limpia.jpg	TODAS
1bteeWYWj48FAnD37qYRdJ--BbzCwBW69	__8-39886_limpia.jpg	TODAS
1pT_xKolYOVUt7ihGN_P1h2-Igc_GYivq	__7-39199_limpia.jpg	TODAS
1TW-MQdKM1FBHfUt71Zp4qPoqKA4KJtsl	__11-39871_limpia.jpg	TODAS
1aa35wHVOooCFhe06pT2j5GgG4lwChwBm	__12-39876_limpia.jpg	TODAS
19PBzLlMYbQe6BbP1yO7jL1zOvErCGnFq	__4.A-39761_SET CON 39470_limpia.jpg	TODAS
1ONLgFOoXjKX013GSQ6NtfJhZFR7gyfdy	__4-39998_limpia.jpg	TODAS
13UyxQLB3ZHx3SpXFMXC3APjxLc-Y3imo	__4-39861_limpia.jpg	TODAS
1QwcFNz6VcHfGs0f6Pyc5jW81nwLUfUJ9	__4-39406-33050_limpia.png	TODAS
1TiD2jmdDKHvT3uMR80YkuHY6FMoxtNY2	__4-39363_limpia.jpg	TODAS
1LltbM-Qb8Tqw1lc8909yjaUT5nww67y0	__4-39202-31117_limpia.png	TODAS
1VTHDKifWyW2z-jKk3yNsDuVms6Fuw307	__4-39190_limpia.jpg	TODAS
1IJAjSFzuZzvbaKbzX2VMxrCNbYO3Sv7r	39879 5.jpg	TODAS
1xt5NeQ16JtHVxNgxRWNw-BGhazGMGYU1	39413-1.jpg	TODAS
1eJpof7zDFBAVLvqgX5N8W1_j4JuWQwOp	39160 39871 17.jpg	TODAS
1FnQosUSTdL7kEKpeNkHkN9NalzWoOFE1	39160 39871 6.jpg	TODAS
1cgSMC6gjvAMlIguIYZbJsTwzLoHWnrf3	__15-39906-31067_limpia.jpg	TODAS
1PQoLS7YIAG8hwBM8d1eTL_1zRm2ADe_j	__1.C-39401-31060_SET CON 39700 Y 39701_limpia.jpg	TODAS
1Q3PMUbKptyYmNylDhPLMYdz-WiDWW3Pv	__1-39005-33028_limpia.jpg	TODAS
11wSN2i7cfrkcNuKtdQO3PYtH-I1RhNu8	__1.A-39700-21087 BIS_SET CON 39401 Y 39701_limpia.jpg	TODAS
1ewe1JJ5Rec_D-MIaQowc9VxTCwH17NVu	_38684_limpia.jpg	TODAS
1u2oBxQKJEgR-pHu6ANNrrU_zmBrvYmsR	__AP_37629_limpia.jpg	TODAS
1xke0MVC7Dlw63eY2d0QHZ7IkPUoCxDDv	__AP_37626_limpia.jpg	TODAS
1DFcRwGl5S9KFAz5gMkVxDNnqbhFSBe-p	__AP_37625_limpia.jpg	TODAS
1Uj-OT47G--1YdlED6yqe3n1GF6gvCsOs	__39704-35087_limpia.jpg	TODAS
13xOEUrJuK-fDnM2n_nCi5IzU9tZycqdG	__AP_37627_limpia.jpg	TODAS
1pOXtDwB7Qs-Q4DfIBcqZtVkgSQ0BI4xc	__39209-35103_limpia.png	TODAS
1qPX5UwisIMmOixRUrstjG8gDy25BZh39	__39019-35097_SET CON 39421_limpia.jpg	TODAS
17arwplw3YE2fXxzZ7URzZmChYpkP2uWh	__38268_limpia.jpg	TODAS
1MwXakYb1Sm-4feaLapL2dnGfaJSsWvPr	__39421-28130_SET CON 39019_limpia.jpg	TODAS
1VWG9ntfABwU7ee_EVM862SZzp5oaYJeO	__59-39984_limpia.jpg	TODAS
1dlfDeeX9W6f1ZPwkoPpSWZD-QWUxKa9u	__54-39907-33068_limpia.jpg	TODAS
11tcW0VOVZYc81kFFRVg8PYUeXSgVn7li	__52-39923-35027_limpia.jpg	TODAS
1zNaJn0c8UwdDGA6FU6bUPHmAV31kplG0	__42-38682_limpia.jpg	TODAS
1rB11yPngmEGCycDVK0IGyWa6-S9Y-X2W	__33-39936-33020_limpia.jpg	TODAS
1AU3Kmae_TdIhGpEGeHWXFxhaJOE7Rt08	__34-AP_38971_31072_limpia.jpg	TODAS
15arms0mv8rVIj1ArT7FhheU9BZcQIlqP	__29-39014-35017_limpia.jpg	TODAS
1iY8SszsdA8EXudWy9x_tySCOq6i8i5ys	__29-39910-31047_limpia.jpg	TODAS
1bqwcrOGW8Tz-rDoWKc1IHKRBM2_tqhQk	__24-39921-35053_limpia.jpg	TODAS
1-qhMn-UeQw64sG6AiuG6oYfSdhctgdtM	__22-39985_limpia.jpg	TODAS
1jaFDRsYY3lC_-DkJavsJOjvAdDr7EiN2	__24-39065_limpia.jpg	TODAS
1mwXSv3LEwAfvXOSQ2TKxs8yN7nf3LRrw	__21-39607_limpia.jpg	TODAS
1vzWinNW1mgyCKCEWcZVKeY19lMTmk07X	__22-39013-31004_limpia.jpg	TODAS
1oPKfl-IgKxcOSxyngqWdRf5Bh-4Nh05V	__21-39196_limpia.jpg	TODAS
1x0X5m12RGs9KAnR3snhO4Eek2XeCXy6l	__21-39061_limpia.jpg	TODAS
1Gd2xWZGN0udMwyr66vQoYWk25RswewYN	__21.B-39472_SET CON 39093_limpia.jpg	TODAS
1Gw-sRxwn7JvPV7S2aWOW_kRG4jl6o2Of	__19-39068_limpia.jpg	TODAS
1At2h3rkunleH6A9CS3SRVRUfYBFs3hTT	__19-39186_limpia.jpg	TODAS
16-nX6ykNmZxQsVrFks7fbTba2ECmPJ4y	__19-39415-35091_limpia.png	TODAS
1a7bsBlpBAXW4urXCwx9oU089E6VSVKwD	__18-39460_limpia.png	TODAS
1YW4Fd8-_W3Fu-gTmp_liYiP2MJegBl2H	__18-39207-33077 BIS_limpia.png	TODAS
1nb26pIIMCxa5PJmSWKNS5UDuSmlpOTYC	__17-39464_limpia.png	TODAS
1UUib1Q6M7IdKaszfeur-a0hW7-L08zgP	__17-AP_37260_limpia.jpg	TODAS
1xgtB8MbrGYA0rwZRidNPX-NRHQqVu_ND	__17-39982_limpia.jpg	TODAS
125Rp3UcQ77rGQho9fE6HHIQMIS9hy1EK	__17.B-AP_37683_SET CON 37682_limpia.jpg	TODAS
1LFNtz8QtyI68c-4Gs87U_oaphMXtTxiV	__17.A-AP_37682_SET CON 37683_limpia.jpg	TODAS
1iT0XGtH_PgyWrDF5urLMSy13JX22yz1E	__17.B-39865_SET CON 39864_limpia.jpg	TODAS
1v5ELE12sa7JHKnWnKn3SefvCM-4vZBIl	__17.A-39864_SET CON 39865_limpia.jpg	TODAS
1M6FO80r3C6RLlqfET8uCmAgzNqy_IQVP	__16-39994_limpia.jpg	TODAS
1RxqPRJBUIN-wCgDxrHUWIscGx53USpDI	__15-AP_37665_limpia.jpg	TODAS
1LXP4__DXxIXse4LvBYJsMWR5VPmWt70r	__16-AP_37699_limpia.jpg	TODAS
1O0MVqtRiPvq-s2RiZdFoIztBfv71EElg	__15-AP_37672_limpia.png	TODAS
13dViE5ceNsyOWjLICT0-5BU5nhol1-Pn	__15-39881_limpia.jpg	TODAS
1GKKw6jITQLxqJRnLYBykdZmyfldBwZwh	__15.B-39417-33037 BIS_SET CON 39705_limpia.jpg	TODAS
19TvMFBS2YR0_ZLmJ1V2Px3a0c_ezePQi	__15-39418-35032_limpia.png	TODAS
10yTbxfRLTT7UaUKe7gnX1mE_yp23zuPQ	__15.A-39705-35093_SET CON 39417_limpia.jpg	TODAS
1D8e_9AeDfCK55AM41UU9Rx5oNM4XnUQ-	__14-39935-35088_limpia.jpg	TODAS
1DgkC0ZMDlqyctZrxjH18ARJg1h6yZTBu	__14-AP_37664_limpia.jpg	TODAS
18MidmXH10_CfHZa0B5hDTUfE1Q5jNzK5	__14-39193_limpia.jpg	TODAS
1HltlCZfmlB0-zZYwTfxDpEdDZTYIPTCp	__14-39204-35084_limpia.png	TODAS
1g_uSthdq8O2C0b3tRAQS3DujYQJXXfJK	__14.B-AP_37262_SET CON 37261_limpia.jpg	TODAS
1G5r9b9fo8vNfTdYnn3YWIDAkntjuyUqx	__13-39189_limpia.jpg	TODAS
1tNstxciJffAqtReDxPKKiQJDjHVI8_RH	__12-39206-35057_limpia.png	TODAS
14xIBtr01m_4WVT-UK4gBPo3qtG6mXTPK	__13-39201-30008_limpia.png	TODAS
19Z6EUVkzhw9b_vfc_0yAzZoz8iCY62nz	__12-39917-28097_limpia.jpg	TODAS
1Xql7_ds-ZBYabaqqD3zynCPfU3Y553IW	__12-39468_limpia.png	TODAS
1_k_2ZfTEYxIlV28UNzKvgNZ2NbGwJNK4	__11-39924-35005_limpia.jpg	TODAS
1-Ie1QuXHKL-BGd9oNMLsILv9SQUIBJ21	__11-AP_38627_limpia.jpg	TODAS
19-dxaDJKJ2d46BiyAglhqUEmR7jZPkbI	__12.B-39402-33047_SET CON 39002_limpia.jpg	TODAS
1AWOVAAlvlTcc7M8yCXZyFYCLz8lYYYLV	__11-AP_37678_limpia.png	TODAS
1w9uDabZTdEZEVFoiky8CAPQUUWGGIWe0	__12.A-39002-33046_SET CON 39402_limpia.jpg	TODAS
1_3qHRtRLh2iswPUPi9FWpDloqS9O5VZy	__11-39205-35090_limpia.png	TODAS
1ryXRRuOW4KecEjZhxnAeOCTQBp7utyZP	__12-38672_limpia.jpg	TODAS
1opfQNG5X4r9vYQNhpxujbekMTmVYINJx	__11-39187_limpia.jpg	TODAS
1BcFAfgJ1hma-j8CVCXsU3TF0iQ2tuopm	__10-39409-31038_limpia.png	TODAS
17Lf-wa5JKeQ1VCbXj09aEGOL0mpM-G5x	__10-39270_limpia.png	TODAS
1-2JCK_9p_-72_-ADzrRmibAeXasxlhiK	__10-39185_limpia.jpg	TODAS
146I1DWb87RRx_7NBVpdk_CPKLBo_XnQG	__10-39927-35026_limpia.jpg	TODAS
1pRiyjxqDqYDf6UARvAJObxSIWqbHaBlY	__10-39932-35058_limpia.jpg	TODAS
1klqK2ARFf63eIkivXR2vELyL-6XW5uLE	__9-39405-35037_limpia.png	TODAS
1IHuP3xJVBmWS2_466UV3URC8JaoEZtnt	__9.A-39007-35068_SET CON 39407_limpia.jpg	TODAS
1nS245ymfVubrLE1uioIsaPLvIxMZiwkm	__9-39184_limpia.jpg	TODAS
1XsEEb87KjL-061JFP_mQZDnFHhvWK544	__8-AP_37436-28143 BIS_limpia.png	TODAS
1oGZ3DvjaJj1w2IdFwGmEe5S4BjIQIHbC	__8.B-39408-33037_SET CON 39702_limpia.jpg	TODAS
1287Ak6X9dWi9Ms9hl6BlKmuiJ16nzE6C	__8-39266_limpia.png	TODAS
1rQfuOGX5TCpp-zZ2KSg0MbzqYBr1Kqbx	__7-39879_limpia.jpg	TODAS
1xgSClWUkwlf-W-nJYwkzfyca5rK-9Nbr	__8-39015-35082_limpia.jpg	TODAS
1wxCU43x61fiOFXlj18xsTxu-4TOoHIfM	__7-AP_37263_limpia.png	TODAS
1v-ua-TQkq0zlQ9r_ixCPECclhkQS-D6B	__7-39411-33061_limpia.png	TODAS
1kFAGGGsp50trrvBGC_bnodr0WIKGPgjN	__6-AP_37675_limpia.png	TODAS
1Dzj9kkoBiAvWmWvqNlukiitwy8JUmrrR	__5-AP_37674_limpia.png	TODAS
1zuXdlfJ56YGOWon-pIKwLBWVh9Rb46NU	__7-39012-35076_limpia.jpg	TODAS
1yWDS9K44o0UnuLevki6XOe6r62PCjpj2	__5-39462_limpia.png	TODAS
1jiIkXIrWIm-1AAWM2UHzps8S5QRHKZ7Q	__5-39208-35100_limpia.png	TODAS
1KBeva-8MF0L44fhNR7SuxZ0mVR850o83	__5-39077_limpia.jpg	TODAS
19mw1wmOZZbqaizmMgOLGd9NEtleMtmyi	__3-39404-34030_limpia.png	TODAS
148YCC4pItuz3dKJGcJyaKZXj3vsLRVA-	__3-39203-35079_limpia.png	TODAS
1LEsMQLuqAkYtNbXebO7zfnM790-QJupI	__3-39003-35044_limpia.jpg	TODAS
1WEJgUEcJkDOs7760j-CNo0vZiCYU507z	__2-39887_limpia.jpg	TODAS
1zwF3chZNF3BCF5_R5srrsKc7syibQElG	__2-39403-35042_limpia.png	TODAS
1cuqhv26kiIeWeZ_zwCBYiFvrxZ2XtnFA	__2-AP_37676_limpia.png	TODAS
1jwe3MNY6FR7tzUVeonKp7yWg_2sP-QWs	__2-39900-34006 BIS_limpia.jpg	TODAS
1yX61PLra8xWqKjgbiHsUTjZVsSZeJP0C	__2-39926-33012_limpia.jpg	TODAS
1JqyzrQ3jN6UWy2peKC9reUv99lh3MxHe	__2-39265_limpia.png	TODAS
11hzQEF7Wyko53TSmx7pVYx-aryw8vHXR	__2-39000-30024_limpia.jpg	TODAS
1MdMVPSu-MO9evjMOUF36BHTPDSUNRpK2	__2.B-39412-35064_SET CON 39703_limpia.png	TODAS
1ZThS7Emo5FbVLL6BfHFsAFe5PcYbOvW4	__1-39925-35011_limpia.jpg	TODAS
1erdoSE9hh1ueKEovkFLsFeheSt4A15yu	__1-39902-34006_limpia.jpg	TODAS
1XYQH67sCG7qYxbT_3Avtr7s3XOfZJuZY	__1-39860_limpia.jpg	TODAS
1O3Bv74N4K5xXXtaCMu5iGVTfLZcUU394	__2.A-39703-35063_SET CON 39412_limpia.jpg	TODAS
1FO2mVzSdZLAp5zNYOTTqPIKKEh9Z3zMj	__1-39360_limpia.jpg	TODAS
1TESYcSER0Ay4JZi8Sg90JbFn6eS2VZUl	__1-39020-30024_limpia.jpg	TODAS
1oZXQBtfQtePDWIWDcLd2kB2bwBJuJKuU	__1-39164_limpia.png	TODAS
1nI28lJTypFkyVxqcei7eJlSbz1RWEpq8	__AP_38648_limpia.jpg	TODAS
18iWD2Cd9txI250e0hen6CcnmVMKtayTW	__AP_37628_limpia.jpg	TODAS
1_XhlS_nU3iZobSltzrVRxsuFzaLgWKlF	__AP_37624_limpia.jpg	TODAS
1VYrjI6INkHfZXHFhOvya92Rj4YDMAKKt	__67-39915-28060 BIS_limpia.jpg	TODAS
1JQZZyg8_p7sDfhEmj9v3sI_kdVITEZgi	__56-38675_limpia.jpg	TODAS
1vGHtCseVfa9CqN6Zk-nMwxyyaosjoLVm	__51-39922-35046_limpia.jpg	TODAS
1rRNQyjiGdug3pG52ygAQVdw9JXSqT8J9	__63-39938-35053_limpia.jpg	TODAS
1SpdUnp77oo7vYxfE0hJG_eaioipJZWUx	__55-39908-33092_limpia.jpg	TODAS
1LqQaKPkM6yg7sarVSF4D-xbxft07e9D0	__45-39980_limpia.jpg	TODAS
1oDTS_0WhknzFMoc5kGsRe4qttjsRkxlN	__60-39600_limpia.jpg	TODAS
1VnT83PqqKiFkjm-YIJp45G1r4drbnZIL	__49-39989_limpia.jpg	TODAS
1GIhGEGFWeyD6rvbtFhJZcQ_PniMgFOEN	__66-39937-35086_limpia.jpg	TODAS
1ATMxWeh9WnR_YLuG-wVG4PcvzgkItbRl	__61-39990_limpia.jpg	TODAS
1cT-Vu8eLg5l2mlHqvPvl8qys_O_PKEEe	__50-39991_limpia.jpg	TODAS
1ik3XpINLn45x3pot-BdVMbeWpph5toHi	__46-39981_limpia.jpg	TODAS
1SAm2ohVo-6o_7rH8YgSgao0gMtV134M5	__43-38690_limpia.jpg	TODAS
1Cst3ga94UD6zcvggJvISMC7QriVUc2U_	__39-39909-35012_limpia.jpg	TODAS
13WpkU3I9S_IiLKgP4Etap0HE9myCTEsr	__35-39995_limpia.jpg	TODAS
13v0yd6rQmKrxdAvc5OGoUP-tkqEkAORi	__41-38678_limpia.jpg	TODAS
1dxUdTOa60btuTE6OiEPA31H5AgY-_5S1	__35-39901-33033_limpia.jpg	TODAS
1TRT5D6yNOXME10KkkbKjEiucCFAyLCXA	__40-38676_limpia.jpg	TODAS
1ZsfeKw65pyaxC7JWmNVf1FCOFDupchXM	__32-39918-33051_limpia.jpg	TODAS
1OnQhkj15hK3cCd3V-frRDb_K0rFzNcmp	__27-39092_limpia.jpg	TODAS
1ARyu3fIMv4lPhqad-wm2Cp8ddt-nB9W3	__38-39905-28148_limpia.jpg	TODAS
1925ua1wZGX7PSgS1S1XMT8qlmkBEePg_	__36-39912-33019_limpia.jpg	TODAS
1aBowRe-DbG5BLbUtClRWMkrUDofubKgi	__27-39916-33039_limpia.jpg	TODAS
1hn7Ja24U300igZ3JVz-jkRe2KyzVj2Ue	__30-39988_limpia_2.jpg	TODAS
1tQxalp8GoL4tasnVO5wzx_8Rl0lQ1nKt	__30-39988_limpia_1.jpg	TODAS
13eWDq1wux-MC_NAXNbc_JvQ4jVVvQPNQ	__26-39914-33069_limpia.jpg	TODAS
1zNYnNEyQII9L9xUJp09ybCmRx20n1DTw	__16.B-38674_SET CON 38673_limpia.jpg	TODAS
1gFKeZ7u-e5oSt0wURHKMt9oQihy7__YI	__22-39197_limpia.jpg	TODAS
1RKFfyOhqk5tMGvhgvbYtCCMaYA1OjXrP	__23-38699_limpia.jpg	TODAS
1evPnYejK9jN8Yz7nBWhT61W9E3k5_Cac	__18.A-39760_SET CON 39467_limpia.jpg	TODAS
1KYR_T4niw5x4xKTr3znW4smZXM4eatH8	__16.A-38673_SET CON 38674_limpia.jpg	TODAS
1M4BNDk2_sPsSrGBeD8Ju41RfNhm27NJc	__25-39903-27033_limpia.jpg	TODAS
162Ufo4OLyELbF6_rcK99IvZFN9zZZKnp	__23-39986_limpia.jpg	TODAS
17IPEc-zmXcjqNDPWSh1XaCmCrsNa0pS1	__18-39878_limpia.jpg	TODAS
1eHcM88tecF0yvFHItZ9rYXf8Gl2wRUHE	__9-39920-35054_limpia.jpg	TODAS
1iEPFGqPHaWBskj_yUSaBZqmz8ghdz-_n	__19.B-39469_SET CON 39090_limpia.jpg	TODAS
1dXpSmyh9vsruyc3JhnftrckfNN_BkEZw	__18-AP_37264_limpia.jpg	TODAS
1_4RLfoSkRZPRdfsHmSk_W5Q3NL0jKhVL	__19.A-39090_SET CON 39469_limpia.jpg	TODAS
1tItUV-JCtxA1krRpgTMyhZtDjhBekmDT	__9.B-39407-31081_SET CON 39007_limpia.jpg	TODAS
1A81dPNB0hwlN0jqaIm2_L-IpsMyW8T1-	__9-39017-35098_limpia.jpg	TODAS
1vAf70p2I3Qe4HLayH6J6Hv7c15-aDcpb	__9-39085_limpia.jpg	TODAS
18_DlX_ig2MddVn4X8v9vD98gKOa2-0Oj	__8-39010-35066_limpia.jpg	TODAS
1avOBhqoeHlPhPAKR7oNgCwoRVJjE2rZP	__8.A-39702-35062_SET CON 39408_limpia.jpg	TODAS
1ailWq419U2Zd-PGIx0-wHlA6g52gdRnB	__6-39863_limpia.jpg	TODAS
1wivT27hIPSmq0PkkDDOQ7qb2u8-OUgIr	__6.A-39091_SET CON 39474_limpia.jpg	TODAS
1YaUW2DKkIRF-8728mougL0LON1ZdnTyX	__6-39011-31048_limpia.jpg	TODAS
1-ueL0lvyeyv1OC4YBCOo_V7ClUjzGlXh	__6-39996_limpia.jpg	TODAS
1n99Ix3kDfBQ-rtM2DSXYqVgeZtQ20-xW	__7.A_39094_SET CON 39473_limpia.jpg	TODAS
1Uf17KKxuEE06zjDcGT_3rGN1hVVdUi9Z	__7.B_39473_SET CON 39094_limpia.jpg	TODAS
1vlgUYmRq9TN8ccfhn-unEpH8qO4PAjwq	__8-39904-33010_limpia_1.jpg	TODAS
1eWqCDUKUpqLAz47-9Tb9i7v7JYquxRbN	__5-39997_limpia.jpg	TODAS
1ZJy7vyWKtqEwFcC5Zqfo14gUkX1Km51j	__8-39904-33010_limpia_2.jpg	TODAS
1nmSEiSSGToZHcd9yb1HFP5Z3NhpZsZkw	__5-39009-35083_limpia_1.jpg	TODAS
1lR9u9tlSO17kLG4epSCK1cwxSD2vLVaI	__3-39888_limpia.jpg	TODAS
1YAyBsvC3fbZJVqO0NUs6DJ6DTRqJvKWd	__4-39004-33094_limpia.jpg	TODAS
15DShv4pE9RRAmbUjccMv8SKJftbEPnpB	__4.B-39470_SET CON 39761_limpia.jpg	TODAS
14Gl2I7w4WtQ524pANcFvTkCZNJZ7M2Z4	__3.B-38267_SET CON 38266_limpia.jpg	TODAS
1Hducr9A4myc8mnlxla8JrBpy53irt_8K	__5-39009-35083_limpia_2.jpg	TODAS
1Tuh3kNc51KD6XRlDitw7KVRGYD8WVFd3	__3.A-38266_SET CON 38267_limpia.jpg	TODAS
1CMntfZSGIqNTEVB65jEvtLgihRz4aV9B	__3-39999_limpia.jpg	TODAS
1okFr2cRhD9WNjlV6sul-WnufqqME9zrn	37665 2.png	TODAS
11Lqi2gbTdNtaHX5fpwcApJKEYI1DNapt	39981 1.png	TODAS
1pgl2ecvYzEfgUhnytY0X-7A9DDE-_nS7	39981.png	TODAS
1b1Q-RtbpmeD3YUITeeI1-9VnprGUvgjX	39864 39865 41.jpg	TODAS
1_7Dd3avmySDdiwGSAsHlUCX9KHUiS0ap	39864 39865 42.jpg	TODAS
1mr9SM8ximRovhbEukxnSYwgw2x_pMV6g	39208-1.png	TODAS
1JCqEOC_1OC_5q5lR4pB78hs4ODQM5__F	37665 16.png	TODAS
1A5sG4Ext3DEVaTdGhvhskvc6csSFazbp	37626nndxc.png	TODAS
1zFFqyWm3mv5MnObG_bOVMoLFoQKCD4nm	39912 1.png	TODAS
11Nbha_jjetFV_WtNqGYG63JoLzd4nbEB	39912 7.png	TODAS
1FUnI3WHG-8Aecm3c2xMLpMhPph2qZyyO	39912 6.png	TODAS
1SLQtKdZ-yG5sl2KKWyPuXJeZusG2rhx3	39864 39865 13.jpg	TODAS
1I8GBvTlPQ6SOmz-0HeqcwAw_FGL-PRt3	39864 39865 5.jpg	TODAS
1e94Mt9NBHPNDjOKzTH1FXidfettWI8G3	39864 39865 3.jpg	TODAS
1zIs_I2ujZN3Tn-_9kFT8KtaYcVmN5JAU	37262 2.png	TODAS
1FsRts1rkFchH81rn4914VbNF6QMgOnzZ	37261 4.png	TODAS
1DX2X42iWqA6tbA1OQ76sBqW-iBNYDPj_	37262 1.png	TODAS
1LSgiEj6Hs1VZfTleoXfUVHIDZ_1szdC_	37261 3.png	TODAS
1gMI33x-CKlvH_tRT-D9DuH6fUNyc6Sz8	39705 39417 1.png	TODAS
1z-7R4VVKNuA5enfwdM6bfePXmBPyc3lN	39999 1.png	TODAS
157kiy1_6HWlYf830Mabkq6rAJjDYKGSn	39988 4.png	TODAS
1GB47y6DODrwFq-Yqy2HFxAKK1Ww-Mqz2	39980 1.png	TODAS
1p53LYgY3JVb4tZOvsVtdkke_5ipp8N2J	39996 (4).jpg	TODAS
1gXFxO4BNbM54R2S38IjsB3sojgxDBWWS	39936-1.png	TODAS
1Rbu-QSvAMICx9QJEa_xGqxbIlhNOyAZy	39905 1.png	TODAS
1nptcXQlPj29cYl2s1XMv_qfkFw9IOJy2	39017-1.png	TODAS
1mEcY_4okm7H3Wci2GXG2IbkpZMvvnXTb	39011 5.png	TODAS
1FXjUKc6f0Apl_xTxhqSX7F5CvhsgXsfI	39011 3.png	TODAS
1DHxi5p5BnJP8AWScMqCB6Bme82A16q4e	37261 1.png	TODAS
1-tp_if4pqWuoFusPheLk-I3nat6Iq_CM	39999 3.png	TODAS
1oJJtSuDBvHqHWgvd4jy0HLW7T_Eh84cX	39996 (2).jpg	TODAS
1WSopYKixf6Cch_wsFJKiW-o1mtATSiVt	39996 (1).jpg	TODAS
1D1I5_has57r_lIzlClgy2fufR9xYgpyl	39988 5.png	TODAS
1iQdwHavPKZ2cseqvsuGNc4pS3-2R9Ltm	39988 2.png	TODAS
10KSgUjASXxzA3_QdlgzT3iVUpkIm0oKD	39988 1.png	TODAS
1jC2h49nEg3MDg90tVCqpb7_cwJTwGqnG	39980 3.png	TODAS
1At1qbZDAnRofUMTRsu6sy6FIQ39eqTC5	39927-1.png	TODAS
1LefTLUrYlgYZeWZf55TkvLbeslgq2vni	39925-1.png	TODAS
1l96-KfZ6W5fGTivEZpnKogEQ3PNQo6SR	39923 CHOCO.png	TODAS
1ImdM_qWJtv-Ug_gyB1eLDovYBhKICfA_	39905 5.png	TODAS
1Pdt6X3s5hMo_IrvOPg0vqUbTJPLTCR2m	39905 3.png	TODAS
1akrsgX--rI60-DBWtEIxMpN5CZoInZI4	39904-1.png	TODAS
1KfhKtD_gAznPpiadvCtuK8zaR3zj9xHz	39705 39417 2.png	TODAS
1ir4X_46PtLP6uS9GOdF58OH943M7-sg4	39011 1.png	TODAS
1NEBR-H-XCzTethBAah_Stqqy2b8hlQSs	39011 2.png	TODAS
1y4xddnUK5lD5S5xL6lTEbGbYrN1RBeEg	37624 6.png	TODAS
1lrRK8Yjgh_EI9luYt26sRGjLOrzknZsx	37624 4.png	TODAS
1m_zKf4Rlr3kQjlEq9tgVphN8xvwYCzxO	38678 4.png	TODAS
1AKgy9bdeZN9i_I-EbfkuzHM0BVu4tXLL	39991-2.png	TODAS
1i327cbNqwAEDoTfz7uvzDOy-P0MWUTS2	38678 1.png	TODAS
1mIfi6P-v-svjMKCEwlT2jUO5wXyZpqPU	37678 8.png	TODAS
1CWc5VWXZYtrx-DDFRr7fCya-xZ2sXkbG	39994-1.png	TODAS
15I6cDHfNYQkBlVHgJb9ECy5eV_JPPey9	39991-1.png	TODAS
1jpQsLQ9SKz7aE7ZieCeWGGx3FaptFIsi	39987 39862 9.jpg	TODAS
1OhZq5J2ZWwB_9oGE-I3x5iOULVdj7rAh	39922-1.png	TODAS
1aL6CiVYoSAmrUXlh-NOSsBKvyZ6-u6RN	39924-1.png	TODAS
1NCjz8VZq_xz8CjM_djhpvHcc8kgjiqOc	39406 6.png	TODAS
1shqlNApwFFOqpYVKcI7kbvzTSsghBNFf	39991-3.png	TODAS
1-QYt3Qp9sz6T01RkctUTlT16JQh446Au	39989.png	TODAS
1TSPvd_spP33U19AuhLFUZyosMy_0gGRb	39982 5.png	TODAS
1TgPoZzKAbmfjRQHVoXHt_hKzjeS8Nvg_	39989 1.png	TODAS
1MeMyyYUJdcTkdjJoZbqc-mB_vBDsl8i-	39982 3.png	TODAS
1nRc5ips1q150HK1uvXbalrauPt86lREd	39938-1.png	TODAS
1rQNE9C6B2Y7ckxXfcG9xx5D9KsfNX5GM	39934-1.png	TODAS
1vgvNbsZ7uuXfqjZcIZe8CdISssQ0lFsh	39920-1.png	TODAS
1pxkSoH6HfPxn061DMWsFhV_ABi-vbjuW	39916 3.png	TODAS
1PysPGs2fAnwjxJNB_SjBKb51ZpGwrPpb	39916 1.png	TODAS
1o9Q8fDepHZytpXAij82lvmrfudi_p_w6	39919-1.png	TODAS
12QciS5WwB2KXsv6YLLboww3EvFMWJEKy	39406 5.png	TODAS
1lGjB959r92FGbeyVyA6h6wJciPIBQlcI	39406 1.png	TODAS
10T53D25KGsXEP3BB5syGxjwY9tr1_OIX	38678.png	TODAS
1sTh0ggVkX_UjOz2kLzdWNZ9LQRhQL64C	37678 4.png	TODAS
1Jt34Y9ykUMkDTmtkoEaYf4pReiFdbDnL	39010-1.png	TODAS
1NkpJuLEEYDCorT9TWeu1BL62pmvs0_2b	37678 2.png	TODAS
1zv7cMWScph5dwv_2rzjo6pQJkhADdFek	37625 3.png	TODAS
1I5I6tcz47LGSBLa5i3OpGlbGeaNODSqg	37628 3.png	TODAS
132s7mgVP-SXLlP9Vy_8vQyZybReZu60W	39982 1.png	TODAS
1ODJy0NKa5joReFBqPOs8vNgYyE-XDJuE	39916 7.png	TODAS
1GRpwyc6O1rl_MgGqRQ9qt2nujKOdOzpI	39861 21.jpg	TODAS
1a2cFZ8M1JggiRDmxpQp4pSuIirtRsMso	39406 2.png	TODAS
1_vYGE7WdtsFVWzqbLl_qXQ-S9dKR2hvf	39201-1.png	TODAS
1RjgEg1ItYRKH_Bwptb_AS-NBjJwB_GJ2	37675_1755 1.png	TODAS
1O4CKVDC2724th_8k5BBIVZ2zhg8GfDtR	37436 2.png	TODAS
1HKrd_npzW5UBDdT6qYp7YkqjxMKx74T1	37436 1.png	TODAS
16MKBIcYOH2HlmwvUUXg6FERqWhRWKlH6	39926 3.png	TODAS
1A_yF3JOfe6XDIqMvTc7Lvwa3IyQ1GiUU	39907-1.png	TODAS
15P7Bb5PCepFcZxBF9BLe9dx3Z8D1X1Dy	39900 6.png	TODAS
128yA1HkS1W82KS4edZhqwRmKWznW7gy6	39900 3.png	TODAS
15_s5pNeKP483XIZOItnTeRLhSCENMJS3	39862 2.png	TODAS
1-4JY0S3wFr3kLfihMZu0ISKCjWiQnLTn	39862 1.png	TODAS
1HxkLJIWGXLvzJf-uj3_Dp7vhCPT9zxBq	39164 39863 38.jpg	TODAS
1zuSBflJHMK_WhoapQ95Zu9GlSNqnaG3a	39013 1.png	TODAS
19Ba9ItIe45R9U4GFdBbMfMYEG1EnQDmp	37685 1.png	TODAS
1JyEKG-QcDqn4a4yZoRkjpaDhFScL5DIN	37676 1.png	TODAS
1vLrqo7_J6qw_9aELFGPTETMc5o5UetPM	37675_1755 2.png	TODAS
1bDt1ffts_W5Nmd4kmrwVEX8xSBtsIvea	39998 3.png	TODAS
1mEX9hDwvC61fNXQaU4bWYryuiKZebvKN	39998 2.png	TODAS
1qauO0XAxdXFBBmVuIxF6Qfa00zptRHeY	39926 2.png	TODAS
1tYsOafFfNifzUxzq5EXg-EQfvS0HkY-U	39926 1.png	TODAS
10Z78wlmV6nYR7sSfT_H5L6Wqxx_CXrma	39901 5.png	TODAS
1-HEy5f18i4IewNIrVSCnFAOE4Q4YyVPx	39900 4.png	TODAS
1IyPIYB9zUgefGVw0QeZSUEB6_mddxJ4V	39862 3.png	TODAS
1PdIKDmoLhMPIRMVyJPlcOEy6ojEEGskj	39860 29.jpg	TODAS
1VYwdYz9A_FLGpYpxc3hENndZKGgZwGOV	39013 9.png	TODAS
1G2wOQ_PYuf_AhZKmwpv1X4DCa9AVghsj	37685 5.png	TODAS
1jNvf3FlbgTh4fhnDo1Kh_O7ykL892Qnj	37675.png	TODAS
1wOqhpnBF94AOuBE7SEPf-rcZ4CcFELeh	37436 5.png	TODAS
1ISlyr4CEYXGXxlrxcX0bwpAgjFg5fYtq	39998 1.png	TODAS
1HAl-qvrNJ5mcXEfL5qwXODBOwnVuJ_vM	39906-1.png	TODAS
1Mx3VjnXwewLv2DMw-8DCOE9lY-nDLOTl	39901 4.png	TODAS
1pN_42hUG-8ybhDqKVICjgeCLc-Ioe1i9	39901 2.png	TODAS
1bv7ggZVZ2r6NO5IUK4HlALbuKeV6d1LR	39164 39863 24.jpg	TODAS
1sbM04onScb79oq9FFEh6PXM1Ce8cNxan	38699 1.png	TODAS
1X0frET-0UFKQPwZ-v1kAIkBsSczg7fKr	38268-1.png	TODAS
1kZlIjsj1Iels7Sp-TVJ7e3yTeZwGeDcG	37685 4.png	TODAS
1zhGNalsN93rdX4LGoAvjHDN_GW1yabeS	37685 2.png	TODAS
1AwzsNmPNwuRGMt9kOplecw7g77Uk9EnM	37676 4.png	TODAS
1fL7Ue5LPXohDU1b99N2FKTXxTMkqINSL	37675_1755 3.png	TODAS
1RU0Ze6k1br3pFJJ_bHdVevCfADSRDhd8	39917-3.png	TODAS
1TolDxuFNiOynj9csNlI8IfG8S5IEYFQK	39903-1.png	TODAS
1PCO8hvTY4ZsWxowuFIafjp8b1sZHr8z7	39914-1.png	TODAS
19dCtqW65PKkSBnHzGVN6vMLKUGMNmvnM	39910-1.png	TODAS
1olnuHetc3IIMAKM8-_Ta9ZgL5wFy3Vrb	39903-4.png	TODAS
1NvyzHjpKBX4TUJlmU0EHZ2w7UYkgL54q	37626 (3).jpg	TODAS
19DrncZCgm561dDl1Z6qj8p2-mLBq3LrZ	39981.jpg	TODAS
14koZFIcp5DgIhFIAKZlGUD1elO_2KbNT	39903-3.png	TODAS
14aynWuwuxuxTq2vheEezqRGonYNTYOiW	38696-1.jpg	TODAS
18hNq8BFcOKwrvsfXE34RJEQRriUzj8Ac	39921-8_AERO.png	TODAS
1xXjFxYu4nImzMxsD0ykcOpxhhga-eii2	38696-4_CHOCO.png	TODAS
1lEXjv97UeNrkku6VGayrrkZK0v5stArt	39921-2_NEGRO.png	TODAS
1c5tdV0mhOvPmm4y1YxdWduMkuVu3jaOb	39921-7_CHOCO.png	TODAS
14gEECsB8d-LMKocZgnl-JIANNTsYHlCR	39912 5.png	TODAS
1LJ6U4BbXp_ViPDynmpsi5iER1n-Aj05s	39909-7_PISTACHO.png	TODAS
1RqveIMNZbLKL4umRYqbV3PerfRkgdkBP	39418 11.jpg	TODAS
1SArtGMkJPvUcVUD7wjMXCJIBDRGP9Xg9	39921-1.jpg	TODAS
1xp12X421imiPVzCJbqQtBelbSuDM7AOL	39418.jpg	TODAS
1UIIr76sOcHv7GNfKJ3Ns_VUGPMv6N4OT	39921-6_CELESTE.png	TODAS
1_mboZpyJM467BYx6Xeb2qLIveevCTFOK	39921-3_NEGRO ESP.png	TODAS
1cQyi1uenvSO7UPGUCTyJAnoj_-PUh6RN	39909-4_NEGRO.png	TODAS
1Nnafv6vtaL1YfkECMdLwcn9XrXZeMvhh	39909-6_CHOCO.jpg	TODAS
1on9hlA01JENdc0Zb-i0s5LO3feDWPCNN	39909-3_VAINILLA ESP.png	TODAS
1EY8-dnVLqnlLQ2rENkap5PlmXbsqd_Ut	39909-2_VAINILLA.png	TODAS
1bVjaRqTmD3eGOCt7_V82XMvhKiKwHK09	39909-5_BLANCO.png	TODAS
1dDzXyPxzHSIJTJLVHULnjS-nABO2v9UR	39903-2.png	TODAS
1AcEHZhWpuaX1gZBMAbKPH5Dg2fMXKBEv	39418 6.jpg	TODAS
1NHVk-YdDA9Nm2AQ06eZ3P4sXigcG8Aua	39418 4.jpg	TODAS
18ZFkQIM8h6vZ1Lz1ULbGDf7Ljzho3ONc	39409 2.jpg	TODAS
1fL77BFsqj1wKlO5xp-FJ9Z-mFWIig_TR	39409 6.jpg	TODAS
1eYl2YC8WC1awpe7byN9sxGGmPzHSBLPv	39409 1.jpg	TODAS
1Z19NxkFfEDmR0t35WZgCM2DQIqdskA8u	39409 7.jpg	TODAS
18F3jIA5tZ4BxRY4tgqtQnEC27GZRxIky	39208-6_CRUDO.png	TODAS
14Fm8byGkbbxD-IXg6Z_GZOw9fyhZ7SIs	39208-2_LINO.png	TODAS
1StuuTLhAI35O7xEEZnw2TcCjXVw7PI_l	39208-7_CHOCO.png	TODAS
1cdJd65dSn-cTCjoiD2tG4Z7QI3ynns5Q	39208-5_VERDE.png	TODAS
1b2HV2LwJx0lyXBALNDuP3g1GN81QIwLn	39208-3_LINO ESP.png	TODAS
12kq8_iQ_XA0IO_WcErqeJfKcTlkp-Umr	39160 39871 23.jpg	TODAS
1bQnPwqD8iad-Uld6mcreM45_lXbRChqH	39208-4_NEGRO.png	TODAS
1U5iX8pxQLXGuJtB03bUp8VMMhCsNvJ7Z	38696-2_NEGRO.png	TODAS
1UE7pNdw8qG6DflgmkmCS1u1TCBrhyFgG	38696-3_NEGRO ESP.png	TODAS
1cXMIvh5Exe19fHnYJjt5tUKkb4WwRWmD	39002-3.png	TODAS
1szCr0arJQbfFEhAb9hNsmP8HNWGSMKld	39160 39871 26.jpg	TODAS
10WnlFOSyLluXpYCnTY4syPajqbKqT9sm	37665 15.jpg	TODAS
1Tlsd2zpsUYqBXEyUBYGdN0XqK7D4YKaH	39909-1.jpg	TODAS
17quzfzKwjFfPXp3fxlxNOBoi_372j_mI	39921-5_VERDE MILITAR.png	TODAS
1F_rhtFonBpLJClZ-IbZgxt2KTgx27lHT	39937-1.jpg	TODAS
1VEjuj_nQNwDWlsTh6L3Ck7rC4lQU3wO5	39921-4_OFF WHITE.png	TODAS
1RP5mJLw3JzV37H9ZjjYpKNiA3q-rqY_w	39703 39412 5.jpg	TODAS
1QySKkAwBb6mL8UsmJjucR-q2abecymuu	39703 39412 4.jpg	TODAS
17UhdBdAjZHLOKAcgLJzChbqfUT90vgkh	39705 39417-3_NEGRO.png	TODAS
19bfM_3SL5CKonjHHVkeoJJdXqY8cqNhf	39927-6_MARINO.png	TODAS
1w4wl619HxjbnSsqS8GJC2IkpA7Eh5XZv	39703 39412 2.jpg	TODAS
1JUj7pAYhwjggKWS61JHXeoqZl0KVGaR4	39925-5_ROJO.png	TODAS
1byMNdAZuAR02sn0XRWC9OZKCWpDBksJC	39705 39417-5_NEGRO.png	TODAS
1hjWfvelmrND-zYnG-WbTUF6eqsd7kA44	39266-5_CASCARILLA.png	TODAS
1cnTAianMHEBIDhoMS0fuwpHrh63wUybE	39705 39417-8_AZUL.png	TODAS
14X2-3Zit83F635aJ9C_R_EmsyCa2CIkV	39927-3_IVORY ESP.png	TODAS
1lsQXnIvN-95wvMenMVKFrAyP5272G1VY	38681-1.png	TODAS
1gZ99fhwkzmeHfWi_Iw5rm84M5g-hskvU	39925-2_IVORY.png	TODAS
1BDcNtPG6QvMJiNKNu_ILj6Fnylhxtmwm	39017-4_OFF WHITE.png	TODAS
1DNfzWmSfp1D4sfAJoW2iFA_N7yl0acUR	39266-4_CHOCO.png	TODAS
1mSwwUuxU1D3ZnV7IeTEOTwQQdacKAVTZ	39927-5_ROJO.png	TODAS
1XqEmVWhnV6dOWpsjy7fUpp7Z9FQaQP75	39980 4.png	TODAS
1SiLqA8qNMI4N29ofgR-naIg5lnxebFWH	39937-3_CHOCO ESP.png	TODAS
1QEA05Z2THKnR_sVOj_l9tUJaikMF6aON	39936-6_VERDE.png	TODAS
1cruzMPYv_GinzVTOFOsLtnG23ICbTam8	39016-7_PLATA.png	TODAS
1Od7QcI9CF_VGyO4XtG7ma64-ajMaJnpz	39937-4_OFF WHITE.png	TODAS
1Kvesr7gAZkPF0hcb_FyqXacsianTep2j	39936-5_CELESTE.png	TODAS
1TbX3JnDNTUglRdbbNJxoff8DYj1SiaYN	39936-8_BLANCO.png	TODAS
1KBdnASCX0NVVSL1xuWB6XjlAcTsLiwRA	39017-2_CHOCO.png	TODAS
1CbOSD0nxIhKR-U_TznYnydAp4ueZczoU	38676-2.png	TODAS
1yYQtPu2g7vmZJSpXCFRvo8k-lJU2pRVe	39936-7_NEGRO.png	TODAS
1l6Y8VGeIXsiSAXV6BNEPX8aG4PWIhpei	39927-2_IVORY.png	TODAS
1MjzYLOg-4q975C3c5iDXwc9C9aKJED5l	39927-7_NEGRO.png	TODAS
1hn7Dvv6SI0ZueB6RTAc58LH8vC1w3hg1	39927-4_CHOCO.png	TODAS
1mPN8JzvIjtiQX-tAJKrG8TtaGa6GRG4p	39925-7_NEGRO.png	TODAS
1XMaGKy9RQcU5nvzG4Gm0SB4PC3B3dH2t	39705 39417-6_NEGRO ESP.png	TODAS
1Fh4YOyDnWkjS8L29513GLK6zlOJlGbEn	39904-7_BLANCO.png	TODAS
1DgmNPuIoK0uSgM9nN75K6TS91DkYANl7	39703 39412 3.jpg	TODAS
1G6YtlJUWbk9Y6IBQen63x2Wf-XMHn5kw	39266-1.jpg	TODAS
163a09Vg5UFliY-bRanLQhpo0UwAhlASV	39703 39412 6.jpg	TODAS
1aU8sAcNiEvdrFLimP8aVDa_XGhNOkc2v	39705 39417-8_COBRE.png	TODAS
1IHHr2oZMVtIwPw7S9uU45C4XdpS0aREe	39703 39412 1.jpg	TODAS
1ll-J716qto_vdLrrR3FUTtcfRN0ijar4	39705 39417-4_NEGRO ESP.png	TODAS
1tl5BQG3tuSoImusInuK8Fg0zc6K2UBnv	39705 39417-9_COBRE.png	TODAS
1oXeBA5vO3pj61-dj9Q2AVepwFaPXQcMZ	39017-3_CHOCO ESP.png	TODAS
1pTUp3-ENxesBHMUVxVlU9asBV4N95Pk6	39266-6_NEGRO.png	TODAS
1lqtZQEC38MWiuPnnwm08EvBzqtS9LImA	39925-6_MARINO.png	TODAS
1ihl95TARrzdqwNJJPMHANGSrfEhQ7PqY	39925-3_IVORY ESP.png	TODAS
146n8hX_5A9pQKrXRDAjCU9pqZi6-yxOi	39904-2_NEGRO.png	TODAS
1Uv5vT60OEHsg2ANDzdXtEj6wSJFGtdb2	39925-4_CHOCO.png	TODAS
15NkjgmBoxrcDr3yLT9CfmuFBh3X6XicQ	39266-2_BLANCO.png	TODAS
1iagh9NTvix4M205l9LVFEUPcRIpGnvhE	39017-6_NEGRO.png	TODAS
1u0N6jWqo9RDUNAR5MJ0uEOoc8iByJXkH	39017-5_VISON.png	TODAS
1EUdX6WKAqWuTqXIBOiC5PDBtCLLv64Jd	38680 12.jpg	TODAS
1iSyCzzeZauVXPpJgZ8omZLwTlqjUReFd	39923 BEIGE.jpg	TODAS
1DtYzdruE0sOvhdTttzyFpelFWlSBYQUr	39009 16.jpg	TODAS
1kttX0JTjC7Seq9m_-Y1CkXhdt1Janms2	39016-5_CHOCO.png	TODAS
1CdluYwmcODp_CjCDsOvmp9uM9ySGUIld	37262 8.jpg	TODAS
1BImZF2bnn7nKviu4T95_uSM6AroSHukx	39936-2_CHOCO.png	TODAS
1jLcNmBfQ31duo7GmBqHQyVOJ-plsUjkM	39923 5.jpg	TODAS
1niycN5olIUXS1zsoE4mxATKd-HGwAsST	39936-4_CRUDO.png	TODAS
1t27D8Itox8DFhAYFx5hHDicIGj6mcZKP	39016-3_NEGRO ESP.png	TODAS
1AZyV5MZsfpWysAZhnXzPkvfbrEw9PsDR	39937-2_CHOCO.png	TODAS
1qw1zyqrqokEKBWcOiZ4Vc2ZU0ZFj9F9w	39016-4_OFF WHITE.png	TODAS
1jMBUFYRnmTbl5A2_KErFLTF8Lc9L-T0e	39402-2.png	TODAS
1qc4Wo9fSzDasthOcyDCC8bsiz9B3t3nG	39904-6_VAINILLA.png	TODAS
1uzDe4e8XVf9zXIFa9dYHiCE8ycMuJC6x	39936-3_CHOCO ESP.png	TODAS
1mh_kv6XYMeTWG3Uz_YOFwgfgjG2O2pnC	39016-2_NEGRO.png	TODAS
1nt-8huGESXY4YaDyQW01fEE4pwa3pcPb	39937-5_NEGRO.png	TODAS
1R72q2OrE5WOEyGMjoCOt7KPkbSHU5qZ_	38680 10.jpg	TODAS
1wxPAeHU2UiI4N1SsxIfkoQphL1Skjwd1	39009 12.jpg	TODAS
1uruCfRiGxaueSVDhsacqm7rPj-PcABIR	39904-3_NEGRO ESP.png	TODAS
1QlR0YDv_200z52qMoNjz8WiV_6ko4ru-	39009 18.jpg	TODAS
1eZItHxG7YsmPHlJy_Oz4qaECeoYivDG-	39705 39417-7_AZUL.png	TODAS
14Ac5jAs5MHISBh9sTr0EIq9tJ1YGSwOo	38680 15.jpg	TODAS
1ESsGsgPWVp_qx88ezoBfsVklfs3v8v4a	38680 5.jpg	TODAS
1eHQPRvzrhjwufB5pSTnlBoMsz_CdGtv1	39017-7_BEIGE.png	TODAS
1u2M9bW9gn-Ovs91Vxi3qeoLdTislkSz_	39266-3_BLANCO ESP.png	TODAS
1M7IHXSxhXpj2vXDIyfZdWPsyiBzx9RgR	39904-5_VERDE.png	TODAS
16KvgDhv4u-LZOD4cxaveTT6R87-aiQ1e	39402-1.png	TODAS
13cWOspyCxrIDZkLDTs9rekuPq9OyqUtX	39904-4_CHOCO.png	TODAS
19qExaMTPGxyRc9X0G9uKrrOTI6wLeFpk	39938-2_NEGRO.png	TODAS
1DU4ntSnyqfZXK6loGTNdtCNP66zA4BmM	39994-3_CRUDO ESP.png	TODAS
13QalqxzSclu5HAvTwYa0SlIu-20aS6Su	39994-5_BLANCO.png	TODAS
1FeDknQZEDk1TX6JxvJGovf-cWnRF66M4	39934-5_NEGRO.png	TODAS
17ZUamf8zJC4KM2IlteXRc3RcLYRiVKdI	39924-4_NEGRO.png	TODAS
1GI6YsKHjmnEyQ3JCJa8M5TPbB8mnyoQO	39924-7_CHOCO.png	TODAS
1MNkr52WD5702d59twQpfDqkBKUVPALhM	39924-2_IVORY.png	TODAS
19yHYysKSDWymq8C2vlc2uv5dF7fwBbfl	39920-2_OFF WHITE.png	TODAS
1M7Z3OsW9cRF91LdRGBiU-XXQHYRzWfZc	39700 39401 39701 47.jpg	TODAS
1Q35Qhz_oYaIJ4lCzQMcYTASggxh5wN6j	39920-4_VISON.png	TODAS
15dZM6L3roK07U8q-VoBB_sXr5aMQEyQD	39920-7_CHOCO.png	TODAS
10Lhk4nid8VsREnUh1Yiywz1CArBZn2k5	39922-5_VERDE.png	TODAS
1aOpUoL3CS8fj5tC5JjSGrcBcn2xbXMew	39922-2_CELESTE.png	TODAS
16QuBDJAL6_7ZFAS1brCRiCQ2NNM4RI0P	39919-4_ROSA.png	TODAS
1YhSSWQo7cYIxmYGm1CWLHM-aWzBBhj-p	39861 10.jpg	TODAS
12yZyDBDQeI0V0gIoysWcDvcuzgqPrFOE	39920-6_VAINILLA.png	TODAS
1XJc2l455W5vVM9TNVRoVLNwRjFNU94jL	39919-6_BEIGE.png	TODAS
16ENU11J5mmENy4f3L3DBwLu9cpXgtT6A	39920-3_OFF WHITE ESP.png	TODAS
11Fu-BYonKGpcYtmPof5jcTALmsFeAPmm	39920-9_NEGRO.png	TODAS
1IIfOzu0F8d6CMqqBXGhgMN4KWLgPqIxx	39002-4.png	TODAS
1jGezU4I9t07c8aB7ixUf3UkwghAtL41K	39919-2_OFF WHITE.png	TODAS
1I27mZI16L-Ios24N_kpOP2jU1_md6uF4	39413-4_MARINO.png	TODAS
1Vh2waUcajmrdB2KBaGmlMcYv64Dipk4h	39415-3_CASCARILLA ESP.png	TODAS
1JpndJ6A31i6BkEr6hoIDX3VYUU9-nNQa	39002-1.png	TODAS
1f1r3aoVfEsfK4Bcmb0zRea7tRuUe1j_-	39413-7_CELESTE.png	TODAS
1LcSwLwGuIEFZ5qkw6We3v1-0-aomxuxQ	39415-4_NEGRO.png	TODAS
1ndgKXN-HjUIBFyPaE3uvbHahJIJ78a2P	39415-1.jpg	TODAS
1Ge3Wj4laSNUo3J6qo-yhdihWNx9DEBRm	39413-5_OFF WHITE.png	TODAS
1480aHs3sV3ElF5YK7gFfpC5zEGgZyTvw	39413-6_NEGRO.png	TODAS
1eJxBeF-fexgo-SMoTtbwHMgHbgbLEDha	39012-3_NEGRO ESP.png	TODAS
1FbdWuUWDAg0SIJalZHRQneOlDGgqXhPe	39012-5_CHOCO.png	TODAS
1swtqH5tDoI15TaDxzCjL9n6UxsSWxAIL	39415-2_CASCARILLA.png	TODAS
1UZwJNrfQ7L-YI-mUZ-IjjqtWyw6vcb-V	39413-2_VISON.png	TODAS
1vFX1l2mtI0aNtYiZ-hkwBDMiuV_mOxFW	39201-4_BEIGE.png	TODAS
1ktIvjypGrC-CTK6BVXVp2qxyWRuY7i6q	39201-2_CELESTE.png	TODAS
1yeFD16uUH0oMJcoaXUEFELgiKruYrj8L	39201-3_CELESTE ESP.png	TODAS
1mgxGuip18OvYnUP0RnbAe0EpIdLdOy13	39012-2_NEGRO.png	TODAS
1-WpxXGHijl85QCaIqknQwakjsGlRdbI0	39004-6_LINO.png	TODAS
13zQR1IhGhs-MNxZPCU_lfG5UR7C5xsZF	39012-4_CRUDO.png	TODAS
1d3fvRZoDyDR-nQ7KcmAdYEd-6erHdaxF	39003-5_CELESTE.png	TODAS
16xFH6IxgHzy0_xuJJoMLhP8g11JwHjm1	39002-2.png	TODAS
1aNb04uppGouM3mo1nW0jobGcNAEZQ6t5	39004-4_CHOCO.png	TODAS
1FLiHs7vQ9YvSkwAjm7B7krwOytXdmfHN	39003-4_CHOCO.png	TODAS
1o3PVS6tMPBQHZ5I28ANPAIrhzY2pRnNz	39003-7_OFF WHITE.png	TODAS
1Tzk6S5fyvlM2SGQuQD4r0BZxpU8v-yrX	39003-3_ARENA ESP.png	TODAS
195DudxLcofoRVxUihlvkLHiV576lfwas	39003-6_VAINILLA.png	TODAS
126xcx4Z2hSaNX6szFbLbFSnzj_9oLUpS	39004-5_VERDE.png	TODAS
1fQoL84a6ebAWo_lA-t5-C4X6iOk0I1gU	39987 39862 14.jpg	TODAS
15dDob9Qi53S4UXJSm0jOYpwzo6jMzHtV	39003-1.png	TODAS
173xRkHx7hGFrbKT26eFNgAtGMiYY3lM4	39938-6_CHOCO.png	TODAS
1bjEp_sWxXcfr19IbMnzCCLQ378Kk0G0z	39994-2_CRUDO.png	TODAS
1yS5hL4uhNB6JEhYb8WQuG-kgHv6S4Hl6	39003-8_NEGRO.png	TODAS
1mRLaVYkrQEtl_6KVCF8K1CoqzbfT6z9d	39003-2_ARENA.png	TODAS
1I1m7YfhKdHOTlHmHgdW-o6gkLS2_B5Xw	39938-7_CELESTE.png	TODAS
1J9M6CJIjRNTpt1lO6R3DjtiXXnH0lZAH	39934-3_CHOCO ESP.png	TODAS
1kg9pK2pkQ3-ClbQ25G-Z61kah6s9Ggfu	39938-3_NEGRO ESP.png	TODAS
1r2A48rgA4vGYjBy3YDU7zAMeICrSI89H	38971-1.png	TODAS
1q7erH8PcmuRR6xEJT3gTqT26j_ZFCQCm	39919-3_OFF WHITE ESP.png	TODAS
1MOyi4by91Hjv6SvKiHpeXY94XZxKYPby	39924-6_MARINO.png	TODAS
1-q1f85c9PotPRcqZchABVHTow3xNmCfW	39861 12.jpg	TODAS
1vuwTYhyG_hArJN2KLaWjy5lAKb2U_Edv	39924-5_ROJO.png	TODAS
1tT8RDoSsgj2seCs8SoBonYVQKJeqzgFD	39934-4_OFF WHITE.png	TODAS
14Tcj_Lj9hg3oCz-l7fTN8e1huES8sylF	39924-3_IVORY ESP.png	TODAS
1TKhriw_N5klQwPogZuBb5NMwTJ6ozKbr	39922-3_CELESTE ESP.png	TODAS
1C01e-OZuCi1kxeR-0ytAtVSBq10HPFOA	39861 16.jpg	TODAS
1kG5DuzgrywQ1-rWlytWZ6mErdDTX0rIf	39922-7_CHOCO.png	TODAS
1f321HlWjobC9YicN4qhB-bVeC6PLKzFc	39922-6_NEGRO.png	TODAS
1iT6GiY1h9zpRoipDmLdINL-iG1SjTCqD	39922-8_AERO.png	TODAS
1Isco5AzCntxQsKTT7sEOwodh-tIswbxa	39010-3_NEGRO ESP.png	TODAS
1hjFfDlRlqYM7TQQfG7beQ_-3c0IR6QdD	39922-4_OFF WHITE.png	TODAS
1pOSrBJrV9zmYzr34xPQaqDRgy7UMv_-n	39920-8_OLIVA.png	TODAS
1JWf2SkPERKHEsFVx-yQ2d3bVHoBheyO_	39004-3_OFF WHITE ESP.png	TODAS
1o0gRncwzNEA0WbgfUKpkKNtCGkviJLxH	39010-2_NEGRO.png	TODAS
1oiCIiUScHVxcK2hwcV0ykGjjUmPz6ym2	39700 39401 39701 48.jpg	TODAS
172ZQoMxA4DAZeTcNz9XMYZcwwHJUQfBs	39700 39401 39701 27.jpg	TODAS
1GNpUqNyA2cDDe1tVdfOxOEmZviPFZsx_	39700 39401 39701 15.jpg	TODAS
14abjv1xthLd2Gjs-XtIj2k2wma4R4Su-	39938-5_AZUL.png	TODAS
1eIo7YX5t_JzeH5OlOQbT-tLUo-b-Vy7k	39700 39401 39701 29.jpg	TODAS
1Jpe9db67e8g43vGopZtILSzO7s75xnqr	39938-4_ROSA.png	TODAS
1B2R-8GRhyz3oFoXS6WO_9OZso9zlGATF	39934-2_CHOCO.png	TODAS
1XuSYL4k8emhU_eaZNQZuBrvP9V6zCFVo	39920-5_ARENA.png	TODAS
11ziq-xnaLsrZ2oqA3R4o__C2UTOZ278l	39700 39401 39701 6.jpg	TODAS
1TzO2vU8QTwZqQfQQ4TNw-3M3Dy2zmvNA	39004-2_OFF WHITE.png	TODAS
1pBMrhxdV07jpxeJRfHFgW4guYi4ilQ6R	38676-1.png	TODAS
1IxlHmwSjIeWRr7P6d8kG-DpHjw7D6uBx	39919-7_CHOCO.png	TODAS
1YRjBsLE3r9KNmOu6G-mVGHkOq5V5pd3_	39919-5_AZUL MARINO.png	TODAS
1lkwOKJ1438kJAvhZ8HBlPSC3NUK6xDgK	39010-4_CHOCO.png	TODAS
19fdSesJlx06dQPUyy4zhEC6JtkE9eDfC	39919-8_NEGRO.png	TODAS
1x6u0OURBldcQ42Gcesl1z8z16N3qRCxG	39413-3_VISON ESP.png	TODAS
1o5Ti3AT8bQInFKJ2ZzwlNq5xm7HgwlCh	39014 39460 6.jpg	TODAS
1F_lQQiIURxsWDMb9xG_rxt5kWc9dt3xm	39014 39460 22.jpg	TODAS
16Vp3QDP6lA7kuZkWyX8HYyp3vpDMb6a4	39014 39460 25.jpg	TODAS
1IEuem2HHEO-6I0i60yaj3I7hvoXlIvAV	39012-1.jpg	TODAS
1FnrKIriJQLrYxRPzjAwK1_BQP2byAxkT	38682-1.png	TODAS
1ZFZcI5AjZhTyvfBLGtA4npAs4ksDop6M	39012-6_BEIGE.png	TODAS
1HofMauoW_OG4NUUapBUkYTf3JwoV8_y8	39911 6.jpg	TODAS
17WbO7xkxUuz10g_hIm7PGjAtRJH17j4p	39911 8.jpg	TODAS
1qfw_vX3ENBNWO_yaA95iR4F4I6chpvm1	39862 21.jpg	TODAS
1rg3nZBmc7QNfzlA8WoPcrCjSOILJ--n0	39004-7_NEGRO.png	TODAS
1YXt1TFFt3TRsdJyOtneMqbhAtLNAPky-	39939-7_AZUL.png	TODAS
19vdJD9P36F9Sz_fKMwXb5R1ePoIwRXCA	39939-5_CELESTE.png	TODAS
1u0BsPPdrHMFIb9DutF7ZoFkBWzSPNMTs	39907-6_VERDE.png	TODAS
1Q-YccNmMUTRsBTbdZ07wWU97BSFTAyDn	39907-7_NEGRO.png	TODAS
1smxsW_h1hBtTZu_kFzWTt1NT8jIdujXL	39906-7_CHOCO.png	TODAS
1FT2kDZx92dLjUy0Bslx4JeGwKiuWAyTo	39907-3_BLANCO ESP.png	TODAS
1V_db3QZ3goJZ8ujTfcRFttCn7y5ElEek	39906-3_BLANCO ESP.png	TODAS
1sMTYEWkDreJpWAavICKp6YBfxqDlcJLD	39906-8_CELESTE.png	TODAS
1EYwaEohtRLGv0Y8E14FMx3kDB-Vgv4KJ	38676-4.png	TODAS
1t0-WaUBp0XjuSTF-e_ZKy8kpID_dlXb_	38690 3.jpg	TODAS
1KWitX6BwFIAr8FFvhgk8pRuIhEYOmi2-	39411 6.jpg	TODAS
1jmIFuI53k2OzGw6YO0bHgEjBUNx8gISX	39411 9.jpg	TODAS
1JkFDQlYMQM_Nxu6DlwP_ztVaa2U2fUde	39407-3_BEIGE ESP.png	TODAS
16wMBUJZ7WtRI18yBNQ2eg-rbWhVc3BVa	39860 3.jpg	TODAS
1kTnsrbVetsh8ktxlJMZU7DGiERptWG-0	39000-5_DENIM.png	TODAS
1AdhtpdAhkYk8QJ-leKGbP3uZ4MVeA_WL	39007-3_BEIGE ESP.png	TODAS
1LpaJCj57ySzcprDMYBehmyb659h5rx9p	39000-4_CHOCOLATE.png	TODAS
1fS6YrV5kQUbcQOD9ghn5m3Tek0UzG5vb	39407-5_VAINILLA.png	TODAS
1pGKnx-vU-HO-rZcCxQVTBl4qonc3JV7x	39007-2_BEIGE.png	TODAS
1O72NYxSHJB59eRhN99XVRstqAMUMgWah	39407-4_NEGRO.png	TODAS
1Aj9TPfSrIMq0R4e68PplFUn9YWrtHcGt	38699-2_CHOCO.png	TODAS
16_hThJ8OSD_DBOF3fNSCiEnLnNFYECxM	38268-5_VERDE.png	TODAS
19c3bphHZmW7uMitnqmbRYLhTWxraXZsY	38699-4_VERDE.png	TODAS
1_rLC5gbX7GnI84rDXmcCtKPZApSdT4ct	39939-4_ROSA.png	TODAS
1Awf-63OKB3eDqL--ojly566_nkzx6OPS	39411 8.jpg	TODAS
1n9Jm68K1JMOZvS96fJv8CNOQ-zMR4xV8	39164 39863 5.jpg	TODAS
1xiNPAUTEbRXCPaS0ZR5oDIvE2JkGqZdB	38675-1.png	TODAS
1caekCI_pvR7hr63BYoGEn5rkNEVdFY4D	39860 4.jpg	TODAS
1JNVNVaa79nyyOID6yR3KBNcp7iuJGf9g	39911 1.jpg	TODAS
1ek0pgv49MF2cO_wGjlPse2tV1NFhcx5E	39906-6_NEGRO.png	TODAS
1RSar8fKTMI9ZhVyheRYE-tQZaHEheyBC	39939-6_CHOCO.png	TODAS
1Vd9i8dGByWFT2sS-15gDcOzMO7C8IqAD	39407-1.png	TODAS
1uGgYYGKaq4ruRzf2MmIiAB_I3H4rmjKp	39906-2_BLANCO.png	TODAS
13WjmJmY-7yXhMMz32djj7DHW3hvhZzQ2	39007-5_VAINILLA.png	TODAS
1AVTyHzjRMtOBQWFBNMUQar5RIt6DXSq-	39939-3_NEGRO ESP.png	TODAS
1TLnq2xR0LEf54gx0GhYLaQlHX4G-XIw3	39407-6_CHOCO.png	TODAS
1FB_wu_XqDt6oYS4WNh6R469KcFnZYI-k	39907-2_BLANCO.png	TODAS
1VFHSlddFt23gyvDbaHZsvsc3SPlSdaBH	39939-2_NEGRO.png	TODAS
134LlmfWhI9lxQqXg1KMR3iKwbDdL5FFx	39407-2_BEIGE.png	TODAS
1FNwopha2ciUQy6k-ESFVcjzPRVyEPGEM	39007-1.png	TODAS
1yzpHn_-JBObIeHTdrInrzF1rOHIH9we9	38690 6.jpg	TODAS
1MxCNrBRlIY0eSzhURAy-xcZJHwqh_kYa	38690 7.jpg	TODAS
1eXUNhpxdKJTsPm_i7hxUrFmleIJrOMnP	39911 3.jpg	TODAS
1NCdNxTRE4NUUvfJ3QItFrLj0FF4qcoSw	39939-1.png	TODAS
1Ln40ArrWGzROMj7dwthxwXj9TptKOfOw	39860 5.jpg	TODAS
1uqhn1XJMxCY1COc4XRiPXNexrWhcVkE1	39411 7.jpg	TODAS
1iQUSzCss9YQgRsl_UAZ9N273NF2XAF0F	39005-4_CELESTE.png	TODAS
1wkMCgBF8446BX3AHWXeaicp4XCdp909W	38268-7_CHOCO.png	TODAS
1htteCsOc_YcCglwZCkYHCX-lzXqcyNoW	39907-5_VAINILLA.png	TODAS
1cY-npeiN38ZXOROlQIdJ0EzKngspQKoc	39906-4_ROSA.png	TODAS
16PUfNixKl3xS-29gMzxMmbluRUbkzI83	39907-4_CHOCO.png	TODAS
1-lPaDnnxv8xBy10b8ElpRnuyjVsbii-X	39906-5_VERDE AGUA.png	TODAS
1_mQXey29FNPFD64_Qi1ILF3TkHIECpU8	38268-3_CRUDO ESP.png	TODAS
1TEov15jiLbkboOH6CS7OGVrZlVS-yfC3	38268-4_NEGRO.png	TODAS
1UkhyT2ncugdVj_FhOYej6J7t1860CdpC	39005-3_BEIGE ESP.png	TODAS
1V1GyrS5-mUrr0DQDkg97317LgOVAMZyq	39164 39863 36.jpg	TODAS
1xJvj2ASPMgxuvXeoturZzKTyy9BPeYa6	39007-6_CHOCO.png	TODAS
10PYuFohyVEsGVPmomE_OcQ4bihf6Kxvv	39007-4_NEGRO.png	TODAS
1CccpiyYN3OTcoyzf5eenWEPnMmR_de27	39000-2_VERDE.png	TODAS
1FIzvwVV2nV0AXD96liDOy4bpd2S5HV1L	39000-3_VERDE ESP.png	TODAS
1RTpcQp5KMzKW6NRTA_l0RTBRkqi0zry8	38648-3.jpg	TODAS
1jD0PsSTCcjJAc-hPBOPujEoa7EoJ49lO	39405-1.png	TODAS
1WnzprkputcMu1jdJDQ3UOZUC8mrVK3e8	38254-3.jpg	TODAS
1x6ZCGf9MTW4gdKHFMOk3-1YVbVNYUVYU	38684-3.png	TODAS
16dOHocHblbMTYwUqCUaa96YoIuq3c4pK	38178-3.png	TODAS
1pNluQXCLA7QNQdauiD67HV9VyCDSKHJD	38699-3_CHOCO ESP.png	TODAS
1qiiotMZaJhefv5r6fIj3hhasv49UQm-X	38268-6_DENIM.png	TODAS
1r9wLJUTjFTvFNtNoz90O6QSsxuEapjSe	38268-2_CRUDO.png	TODAS
1mxhLJjrjk4Q9P_Qkgn37encf5pEiUHrv	38699-5_NEGRO.png	TODAS
1C4Jc8J79TQitMw9ApJM4vDodZccgeI7c	39405-4_BLANCO.png	TODAS
1n67TnU1JqYVgShvuoqoKcFKWcTbMq1wb	39910-6_VAINILLA.png	TODAS
1pCmGSkkD5XoK_x-dDXy3Q2M0W1P7IL6I	39910-8_CELESTE.png	TODAS
1u4ZMBuWSK7omA0bEac1fs46mZvzpW2pF	38254-4.jpg	TODAS
1tp02noEpQMhj6qdEwK_a_yqOc0zsU_v4	39902-2.png	TODAS
13TqP-h1l3vxgAme9XQF73UPQArgE-vEn	38648-2.jpg	TODAS
1E8T95pKK3a0DiKW1lAJg68Q97MZWJaGq	39902-3.png	TODAS
13XpuxR-lMUjzFp5KNqSDsjgrrqbdSp4I	39910-4_NEGRO.png	TODAS
1StCwcdM5yzl0srsCaWvT3Nw2vSboIQnu	39914-3.png	TODAS
1oSZKnRlSm9SX7xzZ-ShcK3ln34ZBs1qt	39910-2_BLANCO.png	TODAS
17fXkrPnUM4Nj1axs4VZ9pw2EWniSRacq	39914-2.png	TODAS
14_GKUgsIkfJfpXUBavfR7wPj2EgwtcRv	39910-5_VERDE AGUA.png	TODAS
15wGteauAwfgaMacyO7JZ9dig5PSiLUfr	39910-3_BLANCO ESP.png	TODAS
1q2-pVfUfCYo7Ss9PcgAL1lvo1WLz9eeO	39917-2.jpg	TODAS
1k_bnSxDddlOzxweoBT6NakM7e5aJCMFz	39405-7_CHOCO.png	TODAS
1EhpiPhnIpxo85fn2SNFA4RhNP-iKTf8e	39404-8_NEGRO.png	TODAS
1uhrvErLoj2wkN_v1uudekgDXG0wXz_oG	39404-9_VERDE SECO.png	TODAS
14ZlD7UzsV9wul-VM8hp-5EoUx7n5IIQd	39910-7_CHOCO.png	TODAS
1t8KL01v-s5P3jfU4uq6b4ddbs4zVkynu	39405-8_VERDE MILITAR.png	TODAS
1v5dl-fvRKnIRWgvtBfTFGLCG-JuRoy_3	39405-2_GRAFITO.png	TODAS
1eZQdPI8mDWVzOFC7CjS7AfIpmgPOgsje	39404-6_DENIM.png	TODAS
1HvEEBmvy2GGUmBfzHYIyVzm1I7EWJ0IF	39404-4_CHOCO.png	TODAS
1sRldSh6QyuHbQXbEAPCaGwmbHj_grFrt	39404-2_CRUDO.png	TODAS
1tGUg8cV_pef2ntJkCrKXb-Wj9ziwwVcR	39008-4_LIMA.png	TODAS
1APPT2pJRI8JHGxOHuehyc3rzOO3PHrOh	38648-1.jpg	TODAS
1Ksua0ITw3Lb9sQJ0krxFeA7OQUEt9eTw	39008-6_MARINO.png	TODAS
1PoQjwwwhLJ-05dKt7xrfIVtGAFwXch7p	39008-3_CELESTE ESP.png	TODAS
1bJRX3wKtWi0qVbjGwKJmMawygG19mOx7	38971-7_CRUDO.png	TODAS
1EdRN8VVVc4myQZ3XlQK91JP6tiIeA0fw	38971-4_CHERRY.png	TODAS
1xW8WS7y4FlI7WulBkTP11Zb8Tri1F5AM	38682-4_CHOCO.png	TODAS
1sZ17pSaCRZw5IrnIgrz68g3-LEnqp7Ll	38971-5_NEGRO.png	TODAS
1sGokHZVnU9si_xk3xwb-omc6ztBuwafP	38682-3_NEGRO ESP.png	TODAS
1rRu4kcO4dQ1_aSEHSC2lVbWK-1sD9Jqo	38674-3.jpg	TODAS
1-pFsjF6LeyqlprI8adEdgdr-fhAgPLqL	38682-6_VERDE.png	TODAS
1p1yjAsL8Fa6wTtBOca3b1T1oaTfJ6TpF	38684-1.png	TODAS
12ickZUzYS-CzhNloBpvGeA-57YfmAynC	38674-1.png	TODAS
1GOC72zjTT32L8mNuCGUjBhAk5jDSgwNz	39405-3_GRAFITO ESP.png	TODAS
1YLDahaGmciBKSFJ2HX-XsfPP2OrUxtZv	39404-7_BLANCO.png	TODAS
1yYA4Ldl6TdGTcN7sQqOD2tsz0fsed1Hb	39902-1.png	TODAS
1bpzOwCwLXk1en03SWlXIFI85h2EBFp6p	38673-3.png	TODAS
1thtBiNWV23PH-ZcsUkszOUJvK3RSjP0w	39405-9_MARINO.png	TODAS
1NcEODUTXiDCtbTf-VKUudAPFZmmkIG5B	38267-3.png	TODAS
1sEV3iZzb-R6NfCRuqOubdmpazdevyKK3	39405-5_NEGRO.png	TODAS
1Vro7whgE0lki0QyxLdz4Ut3Ds8ce4VFi	39404-5_VERDE MILITAR.png	TODAS
1NUOY3I7hq1yDwKkzyW4PmqmjaJeK6GOR	39405-6_ARENA.png	TODAS
1UfcS_hBpvd5d_PhRHjBNR2NrNk8VultL	38684-2.png	TODAS
1R42jc-n46hUeVWXgoRQQdli_FtvMOdLb	39008-5_CHOCO.png	TODAS
16hba6KAuboXpC1k1e8uXRzvoyF_z3_Pc	39008-1.png	TODAS
1fiLXnzRcwu-86pDv96QKusAUdK8-pC-Y	39008-3_ROSA.png	TODAS
1xT23Dx6W3forA0ssRErPLjCP46-KnY3z	39008-2_CELESTE.png	TODAS
1bOoC1zsdWY1Hsb1M6p6zPvWcVdl6zJ3K	39404-3_CRUDO ESP.png	TODAS
1EGcVbb4iH8kkuacqlNwPXrB9oE6RXVkc	38971-6_CHOCO.png	TODAS
1mRfQsxxYPzQcHNu2J8OWQDMpgjpGLrcE	38971-3_BLANCO ESP.png	TODAS
1NS9IrLGp1gjwQg2BQZkJniZTw4U1E6Y5	38681-5_VERDE.png	TODAS
1H67HpVvadFKySDpRoAvRKuEHPnF69lqy	38682-5_VERDE SECO.png	TODAS
1KyPjQJzUdfLVhB0SKEReqD_QLEJ7FHyk	38681-4_CHOCO.png	TODAS
1HrUf5nd6_IgyLVR3T5x5aaXtMHh3M81l	38267-1.png	TODAS
1UcWGoMjTa7QxU2Mb_7Idq0_Yyqo23hf7	38971-2_BLANCO.png	TODAS
1Ga9GuiG6MBr7Gho1CbJUfFSTnu_PpfaF	38681-6_OFF WHITE.png	TODAS
1GXY0tKqMrC8ZD0X30G5m-c4GJYQJYxAc	38681-3_NEGRO ESP.png	TODAS
1p8iVFw4QjDpUQ17m1DwQwthDrtSrlb1g	38675-5_CHOCO.png	TODAS
1V_kLgLN0VNktLJumVfZUp2fyTaJd1W3Y	38266-2.png	TODAS
1MziWKbPex2bIhKFAHIquXX26wX1FtXi9	38675-6_OFF WHITE.png	TODAS
15tXShTnG7XIkkcuwqi0Y4OkmDDg09ik2	38254-1.jpg	TODAS
1jVApb2iOCOoeVUkdtD5EAtwxp_ky1rbl	38254-2.jpg	TODAS
15mBFMXfQpBc21Z3ZvWmLtiGz6413ALuX	38674-4.png	TODAS
1id8ik4RoPQN29bYrsG3tXiHUlWhQX-t-	38675-7_VERDE.png	TODAS
1HcIVR-VDPbFvcW_E7QjaeUu-l2ZL2RwV	38178-2.png	TODAS
1OFmSVfy0ue0uVfMx3sNRfKyt3Lms7M7O	38178-4.png	TODAS
1KNdKxOdd-qHww3_FSIYWiINNLAjPXOVP	38178-1.png	TODAS
1aL31h1lZYWVWz5kN9O8SNQp83tUldgZ2	38682-2_NEGRO.png	TODAS
1-bcH3eM9bTJ5Hz35dM31Y8JlGX7C_8lF	38681-2_NEGRO.png	TODAS
1sMxYMtkXfdagkvYu_FQccMOKzVJ0seW7	38676-3.png	TODAS
1lbdthJRSSWvhgY2zfWLFZga3BJ3Vy71f	38675-4_BEIGE.png	TODAS
1P-lA5qfH3iK5lFo4awVP9BTzxQ5VAhlS	38675-3_NEGRO ESP.png	TODAS
1njgA2ZilhvE2zeaidkyi5TShzHxrvsso	38267-2.png	TODAS
1Qnl4X0U_7ay4koeXiw9O3OA7BRR5O_OW	38672-3.jpg	TODAS
1w4UkASDYwzuptLzxQ3q_7Df-W0hpbM4E	38672-4.jpg	TODAS
1-mTAnFwOVWHB0T4mnODuPzPBbWfTvIZf	38674-2.png	TODAS
1axeJ3ySLZxcFYoyFXlymCDKzJ5dY3k-A	38673-1.png	TODAS
16gwRZAWu2QgjZZBsoVbxDOudtLfPZgHW	38672-2.jpg	TODAS
15gqIrULQtIq8yBDdjMdGL67ddANa7I7o	38675-2_NEGRO.png	TODAS
1pEU4nYJp_ED1amTuUqdMekBF0jg-tX7l	38627-3.jpg	TODAS
1NoPk7TlnCNMmrV04-dLH9IShZH7kwDfR	38673-2.png	TODAS
1eHn_jbkFp5Kg9WGS-cXBEX0GhUM7C2Ea	38627-4.jpg	TODAS
1KPf0IoKhRWXk2fiXlxROuLrklrdCIaQd	38627-2.jpg	TODAS
1J6R_s_rqp1q4U_K7PkfT3y6PShBlZPJ6	38266-3.png	TODAS
10ucNVRXC6M2eXpWMqGYZ2XdKAe-zcv9R	38627-1.jpg	TODAS
1teyVDsmmGKBq86TQvSiOLiq0Ka47oKq1	38266-1.png	TODAS
