pos_id,articulo,nombre,categoria,precio,colores,talles,nota
1,39419,Pantalon Hathaway,Pantalones,52000,BEIGE|CHOCOLATE|NEGRO|OFF WHITE|VISON,S|M|L|XL,
2,39093,Camisa Dench,Camisas,89000,BLANCO|CRUDO,S|M|L|XL,
3,39886,Straight Bale,Jeans,96000,AZUL,22|24|26|28|30|32|34|36,
4,39365,Pollera Elle,Polleras,80000,BEIGE|CHOCOLATE|NEGRO,S|M|L,
5,37261,Blusa Kumquat,Blusas,67000,BEIGE|NEGRO,S|M|L,
6,39269,Vestido Colin,Vestidos,82000,CHAMPAGNE|CHOCOLATE|NEGRO,S|M|L,
7,37262,Pantalon Kumquat,Pantalones,89000,BEIGE|NEGRO,S|M|L,
8,39474,Short Emma,Shorts,49000,CHAMPAGNE|CHOCOLATE|CRUDO|NEGRO,S|M|L,
9,39949,Remera Tatum,Remeras,42000,CHOCOLATE|NEGRO,S|M|L,
10,39403,Short King,Shorts,52000,CASCARILLA|CHOCOLATE|DENIM|NEGRO|OFF WHITE|OLIVA|ROSA|VERDE,S|M|L|XL,
11,39422,Pantalon Bellucci,Pantalones,74000,BEIGE|CHOCOLATE|CHOCOLATE Y CELESTE|ROJO,S|M|L,
12,39704,Chaleco Eastwood,Chalecos,62000,CASCARILLA|CHOCOLATE|NEGRO|OFF WHITE,S|M|L,
13,39602,Remera Morgan,Remeras,45000,BLANCO|CHOCOLATE|NEGRO|VERDE,S|M|L|XL,
14,39194,Bolso Spencer,Carteras,60000,CHOCOLATE|CRUDO|NEGRO,UNICO,
15,39209,Mono Reeves,Monos,62000,AERO|CAMEL|CHOCOLATE|NEGRO,S|M|L|XL,
16,39951,Strapless Dunst,Tops,29000,CHOCOLATE|LINO|NEGRO,S|M|L,
17,39181,Cartera Kang,Carteras,40000,BEIGE|CHOCOLATE|CRUDO,UNICO,
18,39932,Musculosa Knightley,Musculosas,38000,ARENA|CHOCOLATE|NEGRO|OFF WHITE|OLIVA|VAINILLA|VISON,S|M|L|XL,
19,39300,Pollera Downey,Polleras,47000,CHOCOLATE|LINO|NEGRO|VERDE MILITAR,S|M|L,
20,39164,Sweater Helen,Sweaters,80000,BEIGE|CRUDO|LIMA|ROJO,S|M|L|XL,
21,39605,Musculosa Angelina,Musculosas,45000,BEIGE|BLANCO|CHOCOLATE|NEGRO,S|M|L|XL,
22,39472,Short Dench,Shorts,89000,BLANCO|CRUDO,S|M|L|XL,
23,39165,Sweater Sean,Sweaters,80000,CHOCOLATE|CRUDO|NEGRO,S|M|L|XL,
24,39601,Remera Niro,Remeras,52000,CHOCOLATE|NEGRO|TOSTADO|VERDE,S|M|L|XL,
25,37674,Vestido Ambrosia,Vestidos,83000,BLANCO|CASCARILLA|NEGRO|VERDE,S|M|L,
26,39603,Musculosa Smith,Musculosas,45000,BEIGE|BLANCO|CHOCOLATE|DENIM|LIMA|NEGRO,S|M|L|XL,
27,39475,Pantalon Mescal,Pantalones,87000,BEIGE|CHOCOLATE|NEGRO,S|M|L|XL,
28,39018,Top Hathaway,Tops,49000,BEIGE|CHOCOLATE|NEGRO|OFF WHITE|VISON,S|M|L|XL,
29,37263,Vestido Hyptis,Vestidos,123000,BEIGE|NEGRO,S|M|L,
30,37264,Blusa Flaveria,Blusas,70000,AMARILLO|BLANCO|NEGRO|VERDE,S|M|L,
31,39215,Vestido Gosling,Vestidos,62000,BEIGE|CHOCOLATE|LIMA|NEGRO,S|M|L,
32,39160,Sweater Ronan,Sweaters,80000,CRUDO Y CELESTE|CRUDO Y CHERRY,S|M|L|XL,
33,39604,Musculosa Streep,Musculosas,42000,BLANCO|CHOCOLATE|LIMA|MARINO|NEGRO,S|M|L|XL,
34,39606,Musculosa Crowe,Musculosas,42000,BEIGE|BLANCO|CHOCOLATE|NEGRO,S|M|L|XL,
35,39993,Musculosa Daniel,Musculosas,36000,AZUL|BLANCO|CHOCOLATE|NEGRO|VERDE,S|M|L|XL,
36,39416,Short Hanks,Shorts,52000,CASCARILLA|CHOCOLATE|NEGRO|OFF WHITE|OLIVA|ROSA,S|M|L|XL,
37,39889,Straight Malek,Jeans,134000,CELESTE,24|26|28|30|32|34|36,
38,39427,Babucha Lea,Pantalones,62000,CHOCOLATE|LINO|NEGRO|OFF WHITE,S|M|L,
39,39092,Top Robbie,Tops,70000,BLANCO|CHOCOLATE|NEGRO,S|M|L,
40,39196,Cartera Wong,Carteras,65000,BEIGE|CHOCOLATE|NEGRO,UNICO,
41,39364,Pollera Damon,Polleras,62000,CHAMPAGNE|NEGRO,S|M|L,
42,39880,Mini Halle,Polleras,91000,CELESTE,S|M|L|XL,
43,39425,Short Farrell,Shorts,42000,AMARILLO|CELESTE|NEGRO|ROSA,S|M|L,
44,39997,Musculosa Bernal,Musculosas,29000,BEIGE|BLANCO|CHOCOLATE|NEGRO|TOSTADO,S|M|L|XL,
45,39995,Musculosa Gael,Musculosas,42000,AMARILLO|BLANCO|CHOCOLATE|NEGRO|OFF WHITE,S|M|L|XL,
46,39990,Remera Adams,Remeras,42000,BEIGE|CHOCOLATE|CRUDO|NEGRO|VERDE,S|M|L|XL,
47,39935,Musculosa Portman,Musculosas,29000,AERO|CAMEL|CELESTE|CHOCOLATE|NEGRO|OFF WHITE|VERDE,S|M|L|XL,3 variantes CAMEL con precio 0 en POS
48,39931,Remera Phoenix,Remeras,30000,BLANCO|CHOCOLATE|INDIGO|ROSA|VERDE,S|M|L|XL,4 variantes ROSA con precio 0 en POS
49,39888,Oxford Travolta,Jeans,100000,CELESTE|NEGRO,22|24|26|28|30|32|34|36,
50,39887,Recto Stone,Jeans,89000,CELESTE|DENIM,24|26|28|30|32|34|36,
51,39878,Bermuda Bill,Bermudas,100000,CELESTE,S|M|L|XL,
52,39873,Wide Leg Mara,Jeans,134000,CELESTE,24|26|28|30|32|34|36,
53,39801,Carrot Brad,Jeans,105000,CELESTE,24|26|28|30|32,
54,39366,Pollera Ortega,Polleras,80000,BEIGE|CHOCOLATE,S|M|L,
55,39212,Vestido James,Vestidos,53000,BEIGE|CHOCOLATE|DENIM|NEGRO|VERDE|VISON,S|M|L|XL,
56,39205,Vestido Roberts,Vestidos,60000,AZUL|BEIGE|ROSA|VERDE,S|M|L,
57,39204,Mono Freeman,Monos,80000,CELESTE|MOCHA|NEGRO|VERDE,S|M|L|XL,
58,39202,Vestido Nyongo,Vestidos,80000,CHOCOLATE|LADRILLO|MARINO|NEGRO,S|M|L,
59,39198,Cinturón Willis,Accesorios,20000,DORADO|NIQUEL,UNICO,
60,39195,Bolso Paltrow,Carteras,62000,CHOCOLATE|CRUDO|NEGRO,UNICO,
61,39188,Faja Hill,Accesorios,36000,CHOCOLATE|NEGRO,UNICO,
62,39187,Gorra Barry,Accesorios,10000,BEIGE|BLANCO|CHOCOLATE|NEGRO,UNICO,
63,39180,Cartera Matt,Carteras,50000,BEIGE CLARO|BEIGE OSCURO,UNICO,
64,39091,Top Emma,Tops,53000,CHAMPAGNE|CHOCOLATE|CRUDO|MARINO|NEGRO,S|M|L|XL,5 variantes con precio 0 en POS (CHAMPAGNE XL y MARINO)
65,39020,Blusa Hugh,Blusas,58000,BEIGE|CHOCOLATE|CRUDO|NEGRO,S|M|L|XL,
66,37699,Blusa Aristida,Blusas,67000,AMARILLO|BLANCO|NEGRO|ROSA|VERDE,S|M|L,3 variantes ROSA con precio 0 en POS
67,37672,Vestido Manzanilla,Vestidos,134000,BLANCO|NEGRO,S|M|L,
68,37664,Top Tubiflora,Tops,58000,AMARILLO|BLANCO|CELESTE|NEGRO|ROSA,S|M|L,
69,,Wide Leg Penelope,Jeans,134000,,24|26|28|30|32|34|36,SIN ARTICULO en POS; categoria inferida
70,,Campera Penelope,Camperas,169000,,S|M|L,SIN ARTICULO en POS; categoria inferida
71,39871,Carrot Jordan,Pantalones,134000,BEIGE|CHOCOLATE|VERDE MILITAR,S|M|L|XL,categoria inferida
72,39412,Pantalón Rebeca,Pantalones,70000,CASCARILLA|CHOCOLATE|NEGRO|OFF WHITE,S|M|L|XL,categoria inferida
73,39406,Pantalón Regina,Pantalones,74000,CAMEL|CELESTE|CHOCOLATE|NEGRO|OFF WHITE|VISON,S|M|L|XL,categoria inferida
74,39860,Wide Leg Nicole,Jeans,77000,DENIM,24|26|28|30|32|34|36,categoria inferida
75,38681,Remera Tukker,Remeras,43000,CHOCOLATE|NEGRO|OFF WHITE|VERDE,S|M|L,
76,39999,Remera Fox,Remeras,40000,AMARILLO|AZUL|BLANCO|CELESTE|CHOCOLATE|LINO|NEGRO,S|M|L|XL,
77,38680,Remera Julien,Remeras,49000,GRIS|NEGRO|VERDE,S|M|L,
78,39908,Musculosa Ryan,Musculosas,27000,BLANCO|CHOCOLATE|NEGRO|VAINILLA|VERDE MILITAR,S|M|L,
79,39903,Remera Brown,Remeras,26000,BLANCO|CHERRY|CHOCOLATE|CRUDO|NEGRO|ROSA|VAINILLA|VERDE SECO,S|M|L|XL,
80,39415,Pantalón Lawrence,Pantalones,76000,CASCARILLA|NEGRO,S|M|L,categoria inferida
81,39400,Short Cruz,Shorts,38000,CHOCOLATE|ROSA|VERDE,S|M|L|XL,
82,39005,Blusa Sofia,Blusas,56000,AZUL|BEIGE|CELESTE,S|M|L,categoria inferida
83,38690,Remera Stefani,Remeras,40000,AMARILLO|CHOCOLATE|NEGRO|ROSA,S|M|L,
84,39012,Blusa Keira,Blusas,43000,BEIGE|CHOCOLATE|CRUDO|NEGRO,S|M|L|XL,categoria inferida
85,39401,Pantalón Forest,Pantalones,62000,BLANCO|CASCARILLA|CHOCOLATE|NEGRO,S|M|L|XL,categoria inferida
86,39989,Remera Amy,Remeras,43000,AERO|CHOCOLATE|NEGRO|ROJO|VERDE,S|M|L|XL,
87,39919,Remera Vin,Remeras,34000,BEIGE|CHOCOLATE|MARINO|NEGRO|OFF WHITE|ROSA,S|M|L|XL,
88,39938,Musculosa Dicaprio,Musculosas,28000,AZUL|CELESTE|CHOCOLATE|NEGRO|ROSA,S|M|L|XL,
89,39203,Vestido Berry,Vestidos,78000,CELESTE|MALBEC|NARANJA|ROSA,S|M|L,
90,39201,Vestido Wood,Vestidos,70000,BEIGE|CELESTE,S|M|L|XL,
91,38676,Remera Steven,Remeras,43000,CHOCOLATE|NEGRO|OFF WHITE|VERDE,S|M|L,
92,39007,Blusa Driver,Blusas,53000,BEIGE|CHOCOLATE|NEGRO|VAINILLA,S|M|L|XL,categoria inferida
93,39914,Remera Mendes,Remeras,30000,BLANCO|CHOCOLATE|NEGRO|VAINILLA|VERDE MILITAR,S|M|L|XL,
94,37665,Blusa Ipomoea,Blusas,80000,BEIGE|BLANCO|NEGRO,S|M|L,categoria inferida
95,39266,Vestido Lupita,Vestidos,67000,BLANCO|CASCARILLA|CHOCOLATE|NEGRO,S|M|L,
96,37676,Pantalón Colletia,Pantalones,62000,BLANCO|CASCARILLA|NEGRO|VERDE|VISON,S|M|L,categoria inferida
97,38266,Buzo Lauv,Buzos,80000,CHOCOLATE|CRUDO|DENIM|NEGRO,S|M|L,
98,39917,Remera Carrey,Remeras,43000,BEIGE|CHOCOLATE|CRUDO|NEGRO|VAINILLA,S|M|L|XL,
99,38682,Remera Sinatra,Remeras,43000,CHOCOLATE|NEGRO|VERDE|VERDE SECO,S|M|L,
100,39002,Blusa Kaluya,Blusas,42000,BEIGE|CHOCOLATE|NEGRO|VERDE,S|M|L|XL,categoria inferida
101,39003,Blusa Zoe,Blusas,55000,ARENA|CELESTE|CHOCOLATE|NEGRO|OFF WHITE|VAINILLA,S|M|L,categoria inferida
102,39911,Remera Diaz,Remeras,30000,BLANCO|CHOCOLATE|GREIGE|NEGRO|VERDE MILITAR,S|M|L|XL,
103,38254,Blusa Styles,Blusas,64000,CHOCOLATE|NEGRO|OFF WHITE|VERDE,S|M|L,categoria inferida
104,39939,Remera Leonardo,Remeras,28000,AZUL|CELESTE|CHOCOLATE|NEGRO|ROSA,S|M|L|XL,
105,39926,Body Joy,Bodies,40000,CHOCOLATE|IVORY|MARINO|NEGRO|ROJO,S|M|L|XL,
106,38268,Buzo Musgraves,Buzos,53000,CHOCOLATE|CRUDO|DENIM|NEGRO|VERDE,S|M|L|XL,
107,39907,Remera Reynolds,Remeras,43000,BLANCO|CHOCOLATE|NEGRO|VAINILLA|VERDE MILITAR,S|M|L,
108,39901,Remera Gal,Remeras,43000,CHOCOLATE|NEGRO|OFF WHITE|VAINILLA|VERDE MILITAR,S|M|L|XL,
109,39207,Vestido Firth,Vestidos,53000,CELESTE|MARINO|NEGRO|OFF WHITE|VISON,S|M|L|XL,
110,37436,Pantalón Citrus,Pantalones,64000,CELESTE|CEMENTO|NEGRO|VERDE,S|M|L,categoria inferida
111,38675,Remera Lola,Remeras,50000,BEIGE|CHOCOLATE|NEGRO|OFF WHITE|VERDE,S|M|L,
112,39008,Blusa Amanda,Blusas,58000,CELESTE|CHOCOLATE|LIMA|MARINO|ROSA,S|M|L|XL,categoria inferida
113,39402,Pantalón Kaluuya,Pantalones,52000,BEIGE|CHOCOLATE|NEGRO|VERDE,S|M|L|XL,categoria inferida
114,39994,Remera Craig,Remeras,67000,BLANCO|CRUDO|NEGRO,S|M|L|XL,
115,38178,Blazer Brandon,Blazers,117000,CHOCOLATE|CRUDO|NEGRO|VERDE,S|M|L,
116,39982,Remera Taraji,Remeras,47000,BLANCO|CHOCOLATE|NEGRO|VERDE,S|M|L,
117,38971,Remera Brody,Remeras,35000,BLANCO|CHERRY|CHOCOLATE|CRUDO|NEGRO,S|M|L,
118,39703,Blazer Rebeca,Blazers,102000,CASCARILLA|CHOCOLATE|NEGRO|OFF WHITE,S|M|L,
119,39405,Pantalón Chan,Pantalones,52000,ARENA|BLANCO|CHOCOLATE|GRAFITO|MARINO|NEGRO|VERDE MILITAR,S|M|L|XL,categoria inferida
120,39918,Remera Austin,Remeras,27000,BLANCO|CHERRY|CHOCOLATE|NEGRO|PISTACHO|VAINILLA,S|M|L|XL,
121,38627,Blusa Janis,Blusas,70000,BLANCO|CHOCOLATE|NEGRO|VERDE,S|M|L,categoria inferida
122,39413,Pantalón Kristen,Pantalones,76000,CELESTE|MARINO|NEGRO|OFF WHITE|VISON,S|M|L|XL,categoria inferida
123,39404,Pantalón Jackie,Pantalones,52000,BLANCO|CHOCOLATE|CRUDO|DENIM|NEGRO|VERDE MILITAR|VERDE SECO,S|M|L|XL,categoria inferida
124,39927,Remera Gaga,Remeras,34000,CHOCOLATE|IVORY|MARINO|NEGRO|ROJO,S|M|L|XL,
125,37260,Blusa Physalis,Blusas,89000,AMARILLO|BLANCO|NEGRO|ROSA|VERDE,S|M|L,categoria inferida
126,38674,Pantalón Arethea,Pantalones,70000,CHAMPAGNE|CHOCOLATE|NEGRO,S|M|L,categoria inferida
127,39988,Remera Bullock,Remeras,40000,BLANCO|CHOCOLATE|NEGRO|VAINILLA|VERDE,S|M|L|XL,
128,39902,Remera Bobby,Remeras,28000,BEIGE|CHOCOLATE|CRUDO|DENIM|NEGRO|OFF WHITE|VAINILLA|VERDE|VERDE SECO|VISON,S|M|L|XL,
129,38672,Blusa Keys,Blusas,58000,MALBEC|NEGRO|OFF WHITE,S|M|L,categoria inferida
130,39906,Remera Jet,Remeras,32000,BLANCO|CELESTE|CHOCOLATE|NEGRO|ROSA|VERDE AGUA,S|M|L|XL,
131,39910,Remera Cameron,Remeras,30000,BLANCO|CELESTE|CHOCOLATE|NEGRO|VAINILLA|VERDE AGUA,S|M|L,
132,39407,Pantalón Driver,Pantalones,54000,BEIGE|CHOCOLATE|NEGRO|VAINILLA,S|M|L|XL,categoria inferida
133,39010,Top Barrymore,Tops,43000,CHOCOLATE|NEGRO,S|M|L|XL,
134,39998,Remera Megan,Remeras,43000,AZUL|BLANCO|CHOCOLATE|CRUDO|NEGRO|ROSA|VERDE,S|M|L|XL,
135,39017,Top Blanchett,Tops,40000,BEIGE|CHOCOLATE|NEGRO|OFF WHITE|VISON,S|M|L|XL,
136,39923,Remera Natalie,Remeras,29000,BEIGE|CHOCOLATE|NEGRO|OFF WHITE,S|M|L|XL,
137,39921,Remera Kit,Remeras,32000,AERO|CELESTE|CHOCOLATE|NEGRO|OFF WHITE|VERDE,S|M|L|XL,
138,39013,Blusa Mirren,Blusas,85000,CHOCOLATE|NATURAL|NEGRO|OFF WHITE|VERDE MILITAR,S|M|L,categoria inferida
139,39411,Pantalón Dev,Pantalones,55000,BLANCO|NEGRO|VISON,S|M|L|XL,categoria inferida
140,38684,Remera Horan,Remeras,73000,CHOCOLATE Y AZUL|CRUDO Y AZUL|CRUDO Y CHOCOLATE|CRUDO Y NEGRO,S|M|L,
141,39004,Blusa Julia,Blusas,58000,CHOCOLATE|LINO|NEGRO|OFF WHITE|VERDE,S|M|L|XL,categoria inferida
142,39014,Blusa Diane,Blusas,50000,BEIGE|CELESTE,S|M|L|XL,categoria inferida
143,39980,Remera Jenna,Remeras,52000,BLANCO|CHOCOLATE|CRUDO,S|M|L,
144,39417,Pantalón Winona,Pantalones,82000,AZUL|COBRE|NEGRO,S|M|L,categoria inferida
145,39900,Remera Millie,Remeras,26000,BLANCO|CELESTE|CHOCOLATE|CRUDO|GREIGE|INDIGO|LIMA|MEDITERRANEO|NEGRO|ROJO|ROSA|VERDE|VERDE AGUA|VERDE SECO,S|M|L|XL,
146,38673,Camisa Aretha,Camisas,68000,CHAMPAGNE|CHOCOLATE|NEGRO,S|M|L,
147,37685,Remera Pachanoi,Remeras,58000,BLANCO|CELESTE|NEGRO|VERDE|VISON,S|M|L,
148,39920,Remera Grint,Remeras,34000,ARENA|CHOCOLATE|NEGRO|OFF WHITE|OLIVA|VAINILLA|VISON,S|M|L|XL,
149,37678,Pantalón Malva,Pantalones,67000,BLANCO|CASCARILLA|NEGRO|VERDE,S|M|L,categoria inferida
150,39869,Wide Leg Kirby,Jeans,134000,DENIM,24|26|28|30|32|34|36,categoria inferida
151,39409,Short Isla,Shorts,38000,CELESTE|CHOCOLATE|LIMA|MARINO|ROSA,S|M|L|XL,
152,39016,Top Depp,Tops,45000,ALMENDRA|CHOCOLATE|NEGRO|OFF WHITE|PLATA,S|M|L,
153,37675,Vestido Sativa,Vestidos,70000,BLANCO|CASCARILLA|NEGRO|VERDE,S|M|L,
154,38699,Blusa Raye,Blusas,68000,CHOCOLATE|NEGRO|VERDE,S|M|L,categoria inferida
155,39410,Short Day,Shorts,42000,ARENA|BEIGE|BLANCO|NEGRO|ROSA|VERDE MILITAR|VISON,S|M|L|XL,
156,39987,Remera Sandra,Remeras,45000,BEIGE|BLANCO|CHOCOLATE|NEGRO,S|M|L|XL,
157,39991,Remera Idris,Remeras,45000,BEIGE|CHOCOLATE|CRUDO|NEGRO|ROSA|VERDE,S|M|L|XL,
158,39000,Blusa Davis,Blusas,43000,CHOCOLATE|DENIM|VERDE,S|M|L|XL,categoria inferida
159,39870,Campanita Lady,Jeans,134000,NEGRO,24|26|28|30|32|34|36,categoria inferida
160,39996,Remera Garcia,Remeras,36000,BEIGE|BLANCO|CHOCOLATE|NEGRO,S|M|L|XL,
161,39937,Remera Cate,Remeras,36000,CHOCOLATE|NEGRO|OFF WHITE,S|M|L|XL,
162,39208,Vestido Olsen,Vestidos,56000,CHOCOLATE|CRUDO|LINO|NEGRO|VERDE,S|M|L|XL,
163,39418,Pantalón Saldana,Pantalones,47000,CHOCOLATE|LINO|NEGRO|VERDE,S|M|L|XL,categoria inferida
164,38267,Pantalón Lauv,Pantalones,62000,CHOCOLATE|CRUDO|DENIM|NEGRO,S|M|L,categoria inferida
165,39936,Remera Stewart,Remeras,30000,BLANCO|CELESTE|CHOCOLATE|CRUDO|LIMA|NEGRO,S|M|L|XL,
166,38648,Piloto Frank,Pilotos,128000,BEIGE|NEGRO|VERDE,S|M|L,
167,39992,Musculosa Elba,Musculosas,42000,CHOCOLATE|CRUDO|GRIS|NEGRO,S|M|L|XL,
168,39705,Chaleco Winona,Chalecos,112000,AZUL|COBRE|NEGRO,S|M|L,
169,39700,Blazer Forest,Blazers,118000,BLANCO|CASCARILLA|CHOCOLATE|NEGRO,S|M|L|XL,
170,39001,Blusa Cruz,Blusas,45000,,S|L,sin color en POS; categoria inferida
171,39890,Campera Darin,Camperas,134000,,S|M|L,sin color en POS
172,39876,Wide Leg Dakota,Jeans,110000,,24|26|28|30|32|34|36,sin color en POS; categoria inferida
173,39879,Mini Hayek,Polleras,84000,,S|M|L,sin color en POS
174,39200,Mono Ali,Monos,62000,,S|M|L,sin color en POS
175,39862,Straight Brie,Jeans,77000,,24|26|28|30|32|34|36,sin color en POS; categoria inferida
176,39981,Remera Ana,Remeras,50000,BLANCO|CHOCOLATE|CRUDO|NEGRO,S|M|L,
177,39861,Wide Leg Kidman,Jeans,80000,,24|26|28|30|32|34|36,sin color en POS; categoria inferida
178,38696,Short Zara,Shorts,67000,CHOCOLATE|NEGRO,S|M|L,
179,39904,Musculosa Gadot,Musculosas,40000,BLANCO|CHOCOLATE|NEGRO|VAINILLA|VERDE MILITAR,S|M|L,
180,39863,Straight Larson,Jeans,77000,,24|26|28|30|32|34|36,sin color en POS; categoria inferida
181,39925,Body Scarlett,Bodies,42000,CHOCOLATE|IVORY|MARINO|NEGRO|ROJO,S|M|L|XL,
182,39909,Remera Li,Remeras,29000,BLANCO|CHOCOLATE|NEGRO|PISTACHO|VAINILLA,S|M|L|XL,
