articulo,nombre,precio_mayorista
37260,Blusa Physalis,44000
37261,Blusa Kumquat,33000
37262,Pantalon Kumquat,44000
37263,Vestido Hyptis,60500
37264,Blusa Flaveria,35200
37436,PANTALON CITRUS,33000
37664,Top Tubiflora,28600
37665,Blusa Ipomoea,39600
37672,Vestido Manzanilla,66000
37674,Vestido Ambrosia,40700
37675,VESTIDO SATIVA,36300
37676,PANTALON COLLETIA,31900
37678,Pantalon Malva,33000
37685,REMERA PACHANOI,29700
37699,Blusa Aristida,33000
38178,BLAZER BRANDON,60500
38254,BLUSA STYLES,33000
38266,BUZO LAUV,40700
38267,PANTALON LAUV,31900
38268,BUZO MUSGRAVES,27500
38627,BLUSA JANIS,36300
38648,PILOTO FRANK,66000
38672,BLUSA KEYS,29700
38673,CAMISA ARETHA,36300
38674,PANTALON ARETHA,35200
38675,REMERA LOLA,25300
38676,REMERA STEVEN,22000
38680,Remera Julien,24200
38681,REMERA TUKKER,22000
38682,REMERA SINATRA,22000
38684,REMERA HORAN,37400
38690,REMERA STEFANI,20900
38696,Short Zara,33000
38699,BLUSA RAYE,35200
38971,REMERA BRODY,17600
39000,BLUSA DAVIS,22000
39001,Blusa Cruz,23100
39002,BLUSA KALUUYA,20900
39003,Blusa Zoe,28600
39004,Blusa Julia,28600
39005,BLUSA SOFIA,28600
39007,BLUSA DRIVER,27500
39008,BLUSA AMANDA,29700
39010,Top Barrymore,22000
39012,Blusa Keira,22000
39013,BLUSA MIRREN,44000
39014,Blusa Diane,25300
39016,Top Depp,22000
39017,Top Blanchett,19800
39018,Top Hathaway,24200
39020,Blusa Hugh,28600
39091,Top Emma,26400
39092,Top Robbie,35200
39093,Camisa Dench,44000
39160,Sweater Ronan,39600
39164,Sweater Helen,39600
39165,Sweater Sean,39600
39180,Cartera Matt,33000
39181,Cartera Kang,22000
39187,Gorra Barry,4400
39188,Faja Hill,17600
39194,Bolso Spencer,30800
39195,Bolso Paltrow,30800
39196,Cartera Wong,31900
39198,Cinturon Willis,6600
39200,Mono Ali,30800
39201,Vestido Wood,34100
39202,Vestido Nyongo,39600
39203,Vestido Berry,38500
39204,Mono Freeman,39600
39205,Vestido Roberts,29700
39207,Vestido Firth,26400
39208,Vestido Olsen,27500
39209,Mono Reeves,30800
39212,Vestido James,26400
39215,Vestido Gosling,30800
39266,Vestido Lupita,33000
39269,Vestido Colin,40700
39300,Pollera Downey,23100
39364,Pollera Damon,30800
39365,Pollera Elle,39600
39366,Pollera Ortega,39600
39400,Short Cruz,18700
39401,Pantalon Forest,30800
39402,PANTALON KALUUYA,26400
39403,Short King,25300
39404,PANTALON JACKIE,26400
39405,PANTALON CHAN,26400
39406,Pantalon Regina,36300
39407,PANTALON DRIVER,27500
39409,Short Isla,18700
39410,Short Day,20900
39411,PANTALON DEV,28600
39412,Pantalon Rebecca,35200
39413,Pantalon Kristen,37400
39415,Pantalon Lawrence,37400
39416,Short Hanks,25300
39417,Pantalon Winona,40700
39418,Pantalon Saldaña,23100
39419,Pantalon Hathaway,25300
39422,Pantalon Bellucci,36300
39425,Short Farrell,20900
39427,Babucha Lea,30800
39472,Short Dench,44000
39474,Short Emma,24200
39475,Pantalon Mescal,42900
39601,Remera Niro,25300
39602,Remera Morgan,22000
39603,Musculosa Smith,22000
39604,Musculosa Streep,20900
39605,Musculosa Angelina,22000
39606,Musculosa Crowe,20900
39700,Blazer Forest,58300
39703,Blazer Rebecca,50600
39704,Chaleco Eastwood,30800
39705,Chaleco Winona,55000
39801,Carrot Brad,52800
39860,WIDE LEG NICOLE,39600
39861,Wide Leg Kidman,39600
39862,STRAIGHT BRIE,39600
39863,STRAIGHT LARSON,39600
39864,Campera Penelope,83600
39865,Wide Leg Penelope,66000
39869,Wide Leg Kirby,66000
39870,Campanita Lady,66000
39871,Carrot Jordan,66000
39873,Wide Leg Mara,66000
39876,Wide Leg Dakota,55000
39878,Bermuda Bill,49500
39879,Mini Hayek,41800
39880,Mini Halle,45100
39886,Straight Bale,47300
39887,Recto Stone,44000
39888,Oxford Travolta,49500
39889,Straight Malek,66000
39890,Campera Darin,66000
39900,REMERA MILLIE,13200
39901,REMERA GAL,22000
39902,REMERA BOBBY,14300
39903,REMERA BROWN,13200
39904,Musculosa Gadot,19800
39906,REMERA JET,16500
39907,REMERA REYNOLDS,22000
39908,Musculosa Ryan,13200
39909,Remera Li,14300
39910,REMERA CAMERON,15400
39911,REMERA DIAZ,15400
39914,REMERA MENDES,15400
39917,REMERA CARREY,22000
39918,Remera Austin,13200
39919,Remera Vin,16500
39920,Remera Grint,16500
39921,Remera Kit,14300
39923,Remera Natalie,14300
39925,Body Scarlett,20900
39926,BODY JOY,19800
39927,Remera Gaga,16500
39931,Remera Phoenix,15400
39932,Musculosa Knightley,18700
39935,Musculosa Portman,14300
39936,Remera Stewart,15400
39937,Remera Cate,17600
39938,Musculosa DiCaprio,14300
39939,REMERA LEONARDO,14300
39949,Remera Tatum,20900
39951,Strapless Dunst,14300
39980,Remera Jenna,25300
39981,Remera Ana,25300
39982,Remera Taraji,23100
39987,Remera Sandra,22000
39988,Remera Bullock,19800
39989,Remera Amy,22000
39990,Remera Adams,20900
39991,Remera Idris,22000
39992,Musculosa Elba,20900
39993,Musculosa Daniel,17600
39994,Remera Craig,33000
39995,Musculosa Gael,20900
39996,Remera Garcia,17600
39997,Musculosa Bernal,14300
39998,REMERA MEGAN,22000
39999,Remera Fox,19800
